city,year,fund_established_count,fund_established_scale_rmb_m,cumulative_fund_established_count,cumulative_fund_established_scale_rmb_m,rolling5_fund_established_count,rolling5_fund_established_scale_rmb_m
三亚市,2015,0,0.0,0,0.0,0,0.0
三亚市,2016,1,40000.0,1,40000.0,1,40000.0
三亚市,2017,0,0.0,1,40000.0,1,40000.0
三亚市,2018,0,0.0,1,40000.0,1,40000.0
三亚市,2019,0,0.0,1,40000.0,1,40000.0
三亚市,2020,0,0.0,1,40000.0,1,40000.0
三亚市,2021,2,700.0,3,40700.0,2,700.0
三亚市,2022,2,274.5,5,40974.5,4,974.5
三亚市,2023,2,1600.0,7,42574.5,6,2574.5
三亚市,2024,0,0.0,7,42574.5,6,2574.5
三亚市,2025,1,1000.0,8,43574.5,7,3574.5
三明市,2015,0,0.0,0,0.0,0,0.0
三明市,2016,1,500.0,1,500.0,1,500.0
三明市,2017,0,0.0,1,500.0,1,500.0
三明市,2018,2,600.0,3,1100.0,3,1100.0
三明市,2019,0,0.0,3,1100.0,3,1100.0
三明市,2020,0,0.0,3,1100.0,3,1100.0
三明市,2021,0,0.0,3,1100.0,2,600.0
三明市,2022,0,0.0,3,1100.0,2,600.0
三明市,2023,0,0.0,3,1100.0,0,0.0
三明市,2024,0,0.0,3,1100.0,0,0.0
三明市,2025,0,0.0,3,1100.0,0,0.0
三门峡市,2015,0,0.0,0,0.0,0,0.0
三门峡市,2016,0,0.0,0,0.0,0,0.0
三门峡市,2017,0,0.0,0,0.0,0,0.0
三门峡市,2018,1,10000.0,1,10000.0,1,10000.0
三门峡市,2019,5,883.5,6,10883.5,6,10883.5
三门峡市,2020,0,0.0,6,10883.5,6,10883.5
三门峡市,2021,0,0.0,6,10883.5,6,10883.5
三门峡市,2022,2,4120.0,8,15003.5,8,15003.5
三门峡市,2023,1,100.0,9,15103.5,8,5103.5
三门峡市,2024,2,200.0,11,15303.5,5,4420.0
三门峡市,2025,0,0.0,11,15303.5,5,4420.0
上海市,2015,34,67199.2725,34,67199.2725,34,67199.2725
上海市,2016,59,354765.3734,93,421964.6459,93,421964.6459
上海市,2017,28,24306.2987,121,446270.9446,121,446270.9446
上海市,2018,36,96925.4738,157,543196.4184,157,543196.4184
上海市,2019,27,130698.34,184,673894.7584,184,673894.7584
上海市,2020,31,143854.7683,215,817749.5267,181,750550.2542
上海市,2021,32,199857.7923,247,1017607.319,154,595642.6731
上海市,2022,34,202476.8784,281,1220084.1974,160,773813.2528
上海市,2023,22,35747.44,303,1255831.6374,146,712635.219
上海市,2024,13,21522.31,316,1277353.9474,132,603459.189
上海市,2025,6,90523.0,322,1367876.9474,107,550127.4207
上饶市,2015,0,0.0,0,0.0,0,0.0
上饶市,2016,0,0.0,0,0.0,0,0.0
上饶市,2017,3,1400.1,3,1400.1,3,1400.1
上饶市,2018,1,4000.2,4,5400.3,4,5400.3
上饶市,2019,6,3021.02,10,8421.32,10,8421.32
上饶市,2020,2,472.0,12,8893.32,12,8893.32
上饶市,2021,1,3000.0,13,11893.32,13,11893.32
上饶市,2022,1,500.0,14,12393.32,11,10993.22
上饶市,2023,0,0.0,14,12393.32,10,6993.02
上饶市,2024,1,1015.0,15,13408.32,5,4987.0
上饶市,2025,0,0.0,15,13408.32,3,4515.0
东莞市,2015,1,200.0,1,200.0,1,200.0
东莞市,2016,0,0.0,1,200.0,1,200.0
东莞市,2017,2,1500.0,3,1700.0,3,1700.0
东莞市,2018,8,6333.0,11,8033.0,11,8033.0
东莞市,2019,4,7425.0,15,15458.0,15,15458.0
东莞市,2020,3,1400.0,18,16858.0,17,16658.0
东莞市,2021,2,10500.0,20,27358.0,19,27158.0
东莞市,2022,8,4240.8,28,31598.8,25,29898.8
东莞市,2023,3,1532.5,31,33131.3,20,25098.3
东莞市,2024,3,2302.0,34,35433.3,19,19975.3
东莞市,2025,1,1000.0,35,36433.3,17,19575.3
东营市,2015,1,1000.0,1,1000.0,1,1000.0
东营市,2016,0,0.0,1,1000.0,1,1000.0
东营市,2017,0,0.0,1,1000.0,1,1000.0
东营市,2018,2,52000.0,3,53000.0,3,53000.0
东营市,2019,0,0.0,3,53000.0,3,53000.0
东营市,2020,0,0.0,3,53000.0,2,52000.0
东营市,2021,0,0.0,3,53000.0,2,52000.0
东营市,2022,0,0.0,3,53000.0,2,52000.0
东营市,2023,1,200.0,4,53200.0,1,200.0
东营市,2024,0,0.0,4,53200.0,1,200.0
东营市,2025,1,1000.0,5,54200.0,2,1200.0
中卫市,2015,1,165.0,1,165.0,1,165.0
中卫市,2016,0,0.0,1,165.0,1,165.0
中卫市,2017,0,0.0,1,165.0,1,165.0
中卫市,2018,0,0.0,1,165.0,1,165.0
中卫市,2019,0,0.0,1,165.0,1,165.0
中卫市,2020,0,0.0,1,165.0,0,0.0
中卫市,2021,0,0.0,1,165.0,0,0.0
中卫市,2022,0,0.0,1,165.0,0,0.0
中卫市,2023,0,0.0,1,165.0,0,0.0
中卫市,2024,0,0.0,1,165.0,0,0.0
中卫市,2025,0,0.0,1,165.0,0,0.0
中山市,2015,0,0.0,0,0.0,0,0.0
中山市,2016,1,250.0,1,250.0,1,250.0
中山市,2017,0,0.0,1,250.0,1,250.0
中山市,2018,3,1500.0,4,1750.0,4,1750.0
中山市,2019,6,8150.0,10,9900.0,10,9900.0
中山市,2020,2,1100.0,12,11000.0,12,11000.0
中山市,2021,4,1901.0,16,12901.0,15,12651.0
中山市,2022,6,1831.2,22,14732.2,21,14482.2
中山市,2023,7,6550.0,29,21282.2,25,19532.2
中山市,2024,7,6904.0,36,28186.2,26,18286.2
中山市,2025,0,0.0,36,28186.2,24,17186.2
临汾市,2015,0,0.0,0,0.0,0,0.0
临汾市,2016,0,0.0,0,0.0,0,0.0
临汾市,2017,3,625.7531,3,625.7531,3,625.7531
临汾市,2018,0,0.0,3,625.7531,3,625.7531
临汾市,2019,0,0.0,3,625.7531,3,625.7531
临汾市,2020,1,400.0,4,1025.7531,4,1025.7531
临汾市,2021,0,0.0,4,1025.7531,4,1025.7531
临汾市,2022,2,702.0,6,1727.7531,3,1102.0
临汾市,2023,1,1001.0,7,2728.7531,4,2103.0
临汾市,2024,0,0.0,7,2728.7531,4,2103.0
临汾市,2025,0,0.0,7,2728.7531,3,1703.0
临沂市,2015,0,0.0,0,0.0,0,0.0
临沂市,2016,2,700.0,2,700.0,2,700.0
临沂市,2017,3,3200.0,5,3900.0,5,3900.0
临沂市,2018,3,350.0,8,4250.0,8,4250.0
临沂市,2019,1,200.0,9,4450.0,9,4450.0
临沂市,2020,6,3800.0,15,8250.0,15,8250.0
临沂市,2021,10,2580.0,25,10830.0,23,10130.0
临沂市,2022,4,1300.0,29,12130.0,24,8230.0
临沂市,2023,4,1500.0,33,13630.0,25,9380.0
临沂市,2024,3,1300.0,36,14930.0,27,10480.0
临沂市,2025,1,300.0,37,15230.0,22,6980.0
丹东市,2015,0,0.0,0,0.0,0,0.0
丹东市,2016,1,500.0,1,500.0,1,500.0
丹东市,2017,0,0.0,1,500.0,1,500.0
丹东市,2018,0,0.0,1,500.0,1,500.0
丹东市,2019,0,0.0,1,500.0,1,500.0
丹东市,2020,0,0.0,1,500.0,1,500.0
丹东市,2021,0,0.0,1,500.0,0,0.0
丹东市,2022,0,0.0,1,500.0,0,0.0
丹东市,2023,0,0.0,1,500.0,0,0.0
丹东市,2024,0,0.0,1,500.0,0,0.0
丹东市,2025,0,0.0,1,500.0,0,0.0
丽水市,2015,0,0.0,0,0.0,0,0.0
丽水市,2016,1,1000.0,1,1000.0,1,1000.0
丽水市,2017,1,300.0,2,1300.0,2,1300.0
丽水市,2018,1,125.0,3,1425.0,3,1425.0
丽水市,2019,2,3500.0,5,4925.0,5,4925.0
丽水市,2020,1,100.0,6,5025.0,6,5025.0
丽水市,2021,2,6808.0,8,11833.0,7,10833.0
丽水市,2022,3,650.0,11,12483.0,9,11183.0
丽水市,2023,5,5175.0,16,17658.0,13,16233.0
丽水市,2024,2,3003.0,18,20661.0,13,15736.0
丽水市,2025,0,0.0,18,20661.0,12,15636.0
乌兰察布市,2015,1,1505.0,1,1505.0,1,1505.0
乌兰察布市,2016,1,3000.0,2,4505.0,2,4505.0
乌兰察布市,2017,0,0.0,2,4505.0,2,4505.0
乌兰察布市,2018,0,0.0,2,4505.0,2,4505.0
乌兰察布市,2019,0,0.0,2,4505.0,2,4505.0
乌兰察布市,2020,0,0.0,2,4505.0,1,3000.0
乌兰察布市,2021,0,0.0,2,4505.0,0,0.0
乌兰察布市,2022,0,0.0,2,4505.0,0,0.0
乌兰察布市,2023,0,0.0,2,4505.0,0,0.0
乌兰察布市,2024,0,0.0,2,4505.0,0,0.0
乌兰察布市,2025,0,0.0,2,4505.0,0,0.0
乌海市,2015,0,0.0,0,0.0,0,0.0
乌海市,2016,1,1800.01,1,1800.01,1,1800.01
乌海市,2017,0,0.0,1,1800.01,1,1800.01
乌海市,2018,0,0.0,1,1800.01,1,1800.01
乌海市,2019,0,0.0,1,1800.01,1,1800.01
乌海市,2020,1,100.0,2,1900.01,2,1900.01
乌海市,2021,1,201.0,3,2101.01,2,301.0
乌海市,2022,0,0.0,3,2101.01,2,301.0
乌海市,2023,0,0.0,3,2101.01,2,301.0
乌海市,2024,0,0.0,3,2101.01,2,301.0
乌海市,2025,0,0.0,3,2101.01,1,201.0
乌鲁木齐市,2015,0,0.0,0,0.0,0,0.0
乌鲁木齐市,2016,6,259600.1,6,259600.1,6,259600.1
乌鲁木齐市,2017,0,0.0,6,259600.1,6,259600.1
乌鲁木齐市,2018,4,5871.0,10,265471.1,10,265471.1
乌鲁木齐市,2019,2,1680.0,12,267151.1,12,267151.1
乌鲁木齐市,2020,3,5701.0,15,272852.1,15,272852.1
乌鲁木齐市,2021,1,181.0,16,273033.1,10,13433.0
乌鲁木齐市,2022,6,4271.5,22,277304.6,16,17704.5
乌鲁木齐市,2023,2,13000.0,24,290304.6,14,24833.5
乌鲁木齐市,2024,3,4303.0,27,294607.6,15,27456.5
乌鲁木齐市,2025,0,0.0,27,294607.6,12,21755.5
乐山市,2015,0,0.0,0,0.0,0,0.0
乐山市,2016,0,0.0,0,0.0,0,0.0
乐山市,2017,0,0.0,0,0.0,0,0.0
乐山市,2018,1,31.5,1,31.5,1,31.5
乐山市,2019,0,0.0,1,31.5,1,31.5
乐山市,2020,0,0.0,1,31.5,1,31.5
乐山市,2021,0,0.0,1,31.5,1,31.5
乐山市,2022,0,0.0,1,31.5,1,31.5
乐山市,2023,0,0.0,1,31.5,0,0.0
乐山市,2024,0,0.0,1,31.5,0,0.0
乐山市,2025,1,4500.0,2,4531.5,1,4500.0
九江市,2015,0,0.0,0,0.0,0,0.0
九江市,2016,4,9753.2378,4,9753.2378,4,9753.2378
九江市,2017,2,4000.0,6,13753.2378,6,13753.2378
九江市,2018,6,3128.787,12,16882.0248,12,16882.0248
九江市,2019,5,1325.4623,17,18207.4871,17,18207.4871
九江市,2020,16,5304.31,33,23511.7971,33,23511.7971
九江市,2021,12,1441.1,45,24952.8971,41,15199.6593
九江市,2022,3,5645.0,48,30597.8971,42,16844.6593
九江市,2023,11,14640.7,59,45238.5971,47,28356.5723
九江市,2024,11,6532.5825,70,51771.1796,53,33563.6925
九江市,2025,6,6932.5,76,58703.6796,43,35191.8825
云浮市,2015,0,0.0,0,0.0,0,0.0
云浮市,2016,0,0.0,0,0.0,0,0.0
云浮市,2017,1,3000.0,1,3000.0,1,3000.0
云浮市,2018,0,0.0,1,3000.0,1,3000.0
云浮市,2019,0,0.0,1,3000.0,1,3000.0
云浮市,2020,0,0.0,1,3000.0,1,3000.0
云浮市,2021,0,0.0,1,3000.0,1,3000.0
云浮市,2022,0,0.0,1,3000.0,0,0.0
云浮市,2023,0,0.0,1,3000.0,0,0.0
云浮市,2024,2,700.0,3,3700.0,2,700.0
云浮市,2025,0,0.0,3,3700.0,2,700.0
亳州市,2015,0,0.0,0,0.0,0,0.0
亳州市,2016,1,180.0,1,180.0,1,180.0
亳州市,2017,1,500.0,2,680.0,2,680.0
亳州市,2018,0,0.0,2,680.0,2,680.0
亳州市,2019,0,0.0,2,680.0,2,680.0
亳州市,2020,0,0.0,2,680.0,2,680.0
亳州市,2021,0,0.0,2,680.0,1,500.0
亳州市,2022,1,150.0,3,830.0,1,150.0
亳州市,2023,3,1900.0,6,2730.0,4,2050.0
亳州市,2024,2,2000.0,8,4730.0,6,4050.0
亳州市,2025,1,420.0,9,5150.0,7,4470.0
伊犁哈萨克自治州,2015,0,0.0,0,0.0,0,0.0
伊犁哈萨克自治州,2016,0,0.0,0,0.0,0,0.0
伊犁哈萨克自治州,2017,1,99.55,1,99.55,1,99.55
伊犁哈萨克自治州,2018,0,0.0,1,99.55,1,99.55
伊犁哈萨克自治州,2019,2,550.0,3,649.55,3,649.55
伊犁哈萨克自治州,2020,0,0.0,3,649.55,3,649.55
伊犁哈萨克自治州,2021,0,0.0,3,649.55,3,649.55
伊犁哈萨克自治州,2022,0,0.0,3,649.55,2,550.0
伊犁哈萨克自治州,2023,1,1000.0,4,1649.55,3,1550.0
伊犁哈萨克自治州,2024,0,0.0,4,1649.55,1,1000.0
伊犁哈萨克自治州,2025,1,1000.0,5,2649.55,2,2000.0
佛山市,2015,2,585.0,2,585.0,2,585.0
佛山市,2016,5,10759.5,7,11344.5,7,11344.5
佛山市,2017,18,13662.1,25,25006.6,25,25006.6
佛山市,2018,15,35931.0,40,60937.6,40,60937.6
佛山市,2019,9,4115.5,49,65053.1,49,65053.1
佛山市,2020,4,1420.0,53,66473.1,51,65888.1
佛山市,2021,15,2758.99,68,69232.09,61,57887.59
佛山市,2022,13,35024.0,81,104256.09,56,79249.49
佛山市,2023,8,3090.1,89,107346.19,49,46408.59
佛山市,2024,2,1526.0,91,108872.19,42,43819.09
佛山市,2025,3,10550.0,94,119422.19,41,52949.09
保定市,2015,0,0.0,0,0.0,0,0.0
保定市,2016,2,10450.0,2,10450.0,2,10450.0
保定市,2017,1,5000.0,3,15450.0,3,15450.0
保定市,2018,1,10000.0,4,25450.0,4,25450.0
保定市,2019,1,150.0,5,25600.0,5,25600.0
保定市,2020,3,18836.5,8,44436.5,8,44436.5
保定市,2021,2,700.0,10,45136.5,8,34686.5
保定市,2022,3,740.0,13,45876.5,10,30426.5
保定市,2023,5,4636.5,18,50513.0,14,25063.0
保定市,2024,5,4482.0,23,54995.0,18,29395.0
保定市,2025,2,1600.0,25,56595.0,17,12158.5
信阳市,2015,0,0.0,0,0.0,0,0.0
信阳市,2016,0,0.0,0,0.0,0,0.0
信阳市,2017,0,0.0,0,0.0,0,0.0
信阳市,2018,2,10101.0,2,10101.0,2,10101.0
信阳市,2019,0,0.0,2,10101.0,2,10101.0
信阳市,2020,0,0.0,2,10101.0,2,10101.0
信阳市,2021,0,0.0,2,10101.0,2,10101.0
信阳市,2022,1,2000.0,3,12101.0,3,12101.0
信阳市,2023,0,0.0,3,12101.0,1,2000.0
信阳市,2024,1,5000.0,4,17101.0,2,7000.0
信阳市,2025,0,0.0,4,17101.0,2,7000.0
儋州市,2015,0,0.0,0,0.0,0,0.0
儋州市,2016,0,0.0,0,0.0,0,0.0
儋州市,2017,0,0.0,0,0.0,0,0.0
儋州市,2018,0,0.0,0,0.0,0,0.0
儋州市,2019,0,0.0,0,0.0,0,0.0
儋州市,2020,0,0.0,0,0.0,0,0.0
儋州市,2021,1,194.0,1,194.0,1,194.0
儋州市,2022,1,300.0,2,494.0,2,494.0
儋州市,2023,0,0.0,2,494.0,2,494.0
儋州市,2024,0,0.0,2,494.0,2,494.0
儋州市,2025,0,0.0,2,494.0,2,494.0
克拉玛依市,2015,0,0.0,0,0.0,0,0.0
克拉玛依市,2016,0,0.0,0,0.0,0,0.0
克拉玛依市,2017,0,0.0,0,0.0,0,0.0
克拉玛依市,2018,0,0.0,0,0.0,0,0.0
克拉玛依市,2019,0,0.0,0,0.0,0,0.0
克拉玛依市,2020,1,51.0,1,51.0,1,51.0
克拉玛依市,2021,0,0.0,1,51.0,1,51.0
克拉玛依市,2022,0,0.0,1,51.0,1,51.0
克拉玛依市,2023,0,0.0,1,51.0,1,51.0
克拉玛依市,2024,0,0.0,1,51.0,1,51.0
克拉玛依市,2025,0,0.0,1,51.0,0,0.0
六安市,2015,0,0.0,0,0.0,0,0.0
六安市,2016,1,100.5,1,100.5,1,100.5
六安市,2017,1,20.0,2,120.5,2,120.5
六安市,2018,1,,3,,3,
六安市,2019,1,300.0,4,,4,
六安市,2020,3,916.53,7,,7,
六安市,2021,2,600.0,9,,8,
六安市,2022,4,3732.7,13,,11,
六安市,2023,0,0.0,13,,10,5549.23
六安市,2024,6,3445.0,19,,15,8694.23
六安市,2025,0,0.0,19,,12,7777.7
六盘水市,2015,1,1266.0,1,1266.0,1,1266.0
六盘水市,2016,0,0.0,1,1266.0,1,1266.0
六盘水市,2017,1,40000.0,2,41266.0,2,41266.0
六盘水市,2018,0,0.0,2,41266.0,2,41266.0
六盘水市,2019,0,0.0,2,41266.0,2,41266.0
六盘水市,2020,0,0.0,2,41266.0,1,40000.0
六盘水市,2021,0,0.0,2,41266.0,1,40000.0
六盘水市,2022,0,0.0,2,41266.0,0,0.0
六盘水市,2023,0,0.0,2,41266.0,0,0.0
六盘水市,2024,0,0.0,2,41266.0,0,0.0
六盘水市,2025,0,0.0,2,41266.0,0,0.0
兰州市,2015,5,2950.0,5,2950.0,5,2950.0
兰州市,2016,2,46700.0,7,49650.0,7,49650.0
兰州市,2017,6,8761.0,13,58411.0,13,58411.0
兰州市,2018,3,220295.0,16,278706.0,16,278706.0
兰州市,2019,1,40000.0,17,318706.0,17,318706.0
兰州市,2020,8,9800.0,25,328506.0,20,325556.0
兰州市,2021,2,2400.0,27,330906.0,20,281256.0
兰州市,2022,1,300.0,28,331206.0,15,272795.0
兰州市,2023,2,120.0,30,331326.0,14,52620.0
兰州市,2024,1,1000.0,31,332326.0,14,13620.0
兰州市,2025,0,0.0,31,332326.0,6,3820.0
兴安盟,2015,0,0.0,0,0.0,0,0.0
兴安盟,2016,1,2000.0,1,2000.0,1,2000.0
兴安盟,2017,0,0.0,1,2000.0,1,2000.0
兴安盟,2018,0,0.0,1,2000.0,1,2000.0
兴安盟,2019,0,0.0,1,2000.0,1,2000.0
兴安盟,2020,0,0.0,1,2000.0,1,2000.0
兴安盟,2021,0,0.0,1,2000.0,0,0.0
兴安盟,2022,0,0.0,1,2000.0,0,0.0
兴安盟,2023,0,0.0,1,2000.0,0,0.0
兴安盟,2024,0,0.0,1,2000.0,0,0.0
兴安盟,2025,0,0.0,1,2000.0,0,0.0
内江市,2015,0,0.0,0,0.0,0,0.0
内江市,2016,0,0.0,0,0.0,0,0.0
内江市,2017,0,0.0,0,0.0,0,0.0
内江市,2018,0,0.0,0,0.0,0,0.0
内江市,2019,0,0.0,0,0.0,0,0.0
内江市,2020,0,0.0,0,0.0,0,0.0
内江市,2021,0,0.0,0,0.0,0,0.0
内江市,2022,2,427.6,2,427.6,2,427.6
内江市,2023,0,0.0,2,427.6,2,427.6
内江市,2024,1,500.0,3,927.6,3,927.6
内江市,2025,0,0.0,3,927.6,3,927.6
凉山彝族自治州,2015,0,0.0,0,0.0,0,0.0
凉山彝族自治州,2016,0,0.0,0,0.0,0,0.0
凉山彝族自治州,2017,0,0.0,0,0.0,0,0.0
凉山彝族自治州,2018,1,1000.0,1,1000.0,1,1000.0
凉山彝族自治州,2019,0,0.0,1,1000.0,1,1000.0
凉山彝族自治州,2020,0,0.0,1,1000.0,1,1000.0
凉山彝族自治州,2021,0,0.0,1,1000.0,1,1000.0
凉山彝族自治州,2022,0,0.0,1,1000.0,1,1000.0
凉山彝族自治州,2023,1,1000.0,2,2000.0,1,1000.0
凉山彝族自治州,2024,1,200.0,3,2200.0,2,1200.0
凉山彝族自治州,2025,0,0.0,3,2200.0,2,1200.0
包头市,2015,0,0.0,0,0.0,0,0.0
包头市,2016,2,6200.06,2,6200.06,2,6200.06
包头市,2017,2,9600.01,4,15800.07,4,15800.07
包头市,2018,0,0.0,4,15800.07,4,15800.07
包头市,2019,3,1780.01,7,17580.08,7,17580.08
包头市,2020,3,102.63,10,17682.71,10,17682.71
包头市,2021,10,1986.07,20,19668.78,18,13468.72
包头市,2022,4,2070.03,24,21738.81,20,5938.74
包头市,2023,1,310.0,25,22048.81,21,6248.74
包头市,2024,1,40.01,26,22088.82,19,4508.74
包头市,2025,1,50.0,27,22138.82,17,4456.11
北京市,2015,19,10431.4431,19,10431.4431,19,10431.4431
北京市,2016,64,450789.5253,83,461220.9684,83,461220.9684
北京市,2017,35,601661.288,118,1062882.2564,118,1062882.2564
北京市,2018,36,305294.8819,154,1368177.1383,154,1368177.1383
北京市,2019,45,231577.7137,199,1599754.852,199,1599754.852
北京市,2020,55,558335.4429,254,2158090.2949,235,2147658.8518
北京市,2021,31,63848.2649,285,2221938.5598,202,1760717.5914
北京市,2022,29,62101.1788,314,2284039.7386,196,1221157.4822
北京市,2023,21,69957.06,335,2353996.7986,181,985819.6603
北京市,2024,19,438661.3404,354,2792658.139,155,1192903.287
北京市,2025,12,66401.0,366,2859059.139,112,700968.8441
北海市,2015,0,0.0,0,0.0,0,0.0
北海市,2016,0,0.0,0,0.0,0,0.0
北海市,2017,1,10000.0,1,10000.0,1,10000.0
北海市,2018,0,0.0,1,10000.0,1,10000.0
北海市,2019,1,405.0,2,10405.0,2,10405.0
北海市,2020,0,0.0,2,10405.0,2,10405.0
北海市,2021,0,0.0,2,10405.0,2,10405.0
北海市,2022,0,0.0,2,10405.0,1,405.0
北海市,2023,0,0.0,2,10405.0,1,405.0
北海市,2024,0,0.0,2,10405.0,0,0.0
北海市,2025,0,0.0,2,10405.0,0,0.0
十堰市,2015,1,160.0,1,160.0,1,160.0
十堰市,2016,0,0.0,1,160.0,1,160.0
十堰市,2017,1,500.0,2,660.0,2,660.0
十堰市,2018,0,0.0,2,660.0,2,660.0
十堰市,2019,0,0.0,2,660.0,2,660.0
十堰市,2020,1,3000.0,3,3660.0,2,3500.0
十堰市,2021,0,0.0,3,3660.0,2,3500.0
十堰市,2022,1,500.0,4,4160.0,2,3500.0
十堰市,2023,0,0.0,4,4160.0,2,3500.0
十堰市,2024,1,1000.0,5,5160.0,3,4500.0
十堰市,2025,0,0.0,5,5160.0,2,1500.0
南京市,2015,4,11798.0,4,11798.0,4,11798.0
南京市,2016,27,112296.0328,31,124094.0328,31,124094.0328
南京市,2017,20,59700.49,51,183794.5228,51,183794.5228
南京市,2018,46,137291.4861,97,321086.0089,97,321086.0089
南京市,2019,44,107476.81,141,428562.8189,141,428562.8189
南京市,2020,51,36487.2,192,465050.0189,188,453252.0189
南京市,2021,57,71327.7818,249,536377.8007,218,412283.7679
南京市,2022,26,27331.99,275,563709.7907,224,379915.2679
南京市,2023,11,7667.9833,286,571377.774,189,250291.7651
南京市,2024,14,69652.5,300,641030.274,159,212467.4551
南京市,2025,5,15800.0,305,656830.274,113,191780.2551
南充市,2015,0,0.0,0,0.0,0,0.0
南充市,2016,0,0.0,0,0.0,0,0.0
南充市,2017,0,0.0,0,0.0,0,0.0
南充市,2018,0,0.0,0,0.0,0,0.0
南充市,2019,0,0.0,0,0.0,0,0.0
南充市,2020,0,0.0,0,0.0,0,0.0
南充市,2021,0,0.0,0,0.0,0,0.0
南充市,2022,0,0.0,0,0.0,0,0.0
南充市,2023,1,5000.0,1,5000.0,1,5000.0
南充市,2024,0,0.0,1,5000.0,1,5000.0
南充市,2025,0,0.0,1,5000.0,1,5000.0
南宁市,2015,1,20000.0,1,20000.0,1,20000.0
南宁市,2016,4,95100.0,5,115100.0,5,115100.0
南宁市,2017,9,17301.11,14,132401.11,14,132401.11
南宁市,2018,9,8694.875,23,141095.985,23,141095.985
南宁市,2019,3,16102.0,26,157197.985,26,157197.985
南宁市,2020,7,121201.0,33,278398.985,32,258398.985
南宁市,2021,13,35477.8026,46,313876.7876,41,198776.7876
南宁市,2022,14,24413.8534,60,338290.641,46,205889.531
南宁市,2023,20,52963.841,80,391254.482,57,250158.497
南宁市,2024,10,4042.0856,90,395296.5676,64,238098.5826
南宁市,2025,4,1609.1,94,396905.6676,61,118506.6826
南平市,2015,0,0.0,0,0.0,0,0.0
南平市,2016,1,20.2,1,20.2,1,20.2
南平市,2017,0,0.0,1,20.2,1,20.2
南平市,2018,0,0.0,1,20.2,1,20.2
南平市,2019,0,0.0,1,20.2,1,20.2
南平市,2020,0,0.0,1,20.2,1,20.2
南平市,2021,0,0.0,1,20.2,0,0.0
南平市,2022,0,0.0,1,20.2,0,0.0
南平市,2023,0,0.0,1,20.2,0,0.0
南平市,2024,0,0.0,1,20.2,0,0.0
南平市,2025,0,0.0,1,20.2,0,0.0
南昌市,2015,0,0.0,0,0.0,0,0.0
南昌市,2016,6,4415.66,6,4415.66,6,4415.66
南昌市,2017,7,108059.1,13,112474.76,13,112474.76
南昌市,2018,9,21770.0,22,134244.76,22,134244.76
南昌市,2019,3,4199.1,25,138443.86,25,138443.86
南昌市,2020,6,3304.3501,31,141748.2101,31,141748.2101
南昌市,2021,3,6100.0,34,147848.2101,28,143432.5501
南昌市,2022,4,63590.0,38,211438.2101,25,98963.4501
南昌市,2023,7,46710.0,45,258148.2101,23,123903.4501
南昌市,2024,6,8475.0,51,266623.2101,26,128179.3501
南昌市,2025,1,5000.0,52,271623.2101,21,129875.0
南通市,2015,5,1402.0,5,1402.0,5,1402.0
南通市,2016,4,1700.0,9,3102.0,9,3102.0
南通市,2017,11,17968.4,20,21070.4,20,21070.4
南通市,2018,7,7291.04,27,28361.44,27,28361.44
南通市,2019,6,2471.5,33,30832.94,33,30832.94
南通市,2020,8,5816.0,41,36648.94,36,35246.94
南通市,2021,8,5917.35,49,42566.29,40,39464.29
南通市,2022,12,19540.0,61,62106.29,41,41035.89
南通市,2023,17,6231.35,78,68337.64,51,39976.2
南通市,2024,7,3712.5,85,72050.14,52,41217.2
南通市,2025,4,9650.0,89,81700.14,48,45051.2
南阳市,2015,0,0.0,0,0.0,0,0.0
南阳市,2016,0,0.0,0,0.0,0,0.0
南阳市,2017,1,360.0,1,360.0,1,360.0
南阳市,2018,3,3632.5,4,3992.5,4,3992.5
南阳市,2019,2,800.0,6,4792.5,6,4792.5
南阳市,2020,0,0.0,6,4792.5,6,4792.5
南阳市,2021,0,0.0,6,4792.5,6,4792.5
南阳市,2022,1,151.0,7,4943.5,6,4583.5
南阳市,2023,2,2100.0,9,7043.5,5,3051.0
南阳市,2024,0,0.0,9,7043.5,3,2251.0
南阳市,2025,0,0.0,9,7043.5,3,2251.0
博尔塔拉蒙古自治州,2015,0,0.0,0,0.0,0,0.0
博尔塔拉蒙古自治州,2016,0,0.0,0,0.0,0,0.0
博尔塔拉蒙古自治州,2017,1,1200.5,1,1200.5,1,1200.5
博尔塔拉蒙古自治州,2018,0,0.0,1,1200.5,1,1200.5
博尔塔拉蒙古自治州,2019,0,0.0,1,1200.5,1,1200.5
博尔塔拉蒙古自治州,2020,0,0.0,1,1200.5,1,1200.5
博尔塔拉蒙古自治州,2021,0,0.0,1,1200.5,1,1200.5
博尔塔拉蒙古自治州,2022,1,1000.0,2,2200.5,1,1000.0
博尔塔拉蒙古自治州,2023,0,0.0,2,2200.5,1,1000.0
博尔塔拉蒙古自治州,2024,0,0.0,2,2200.5,1,1000.0
博尔塔拉蒙古自治州,2025,0,0.0,2,2200.5,1,1000.0
厦门市,2015,4,31218.0,4,31218.0,4,31218.0
厦门市,2016,5,3917.6212,9,35135.6212,9,35135.6212
厦门市,2017,14,15127.67,23,50263.2912,23,50263.2912
厦门市,2018,21,17114.7467,44,67378.0379,44,67378.0379
厦门市,2019,15,44203.6017,59,111581.6396,59,111581.6396
厦门市,2020,21,22990.4096,80,134572.0492,76,103354.0492
厦门市,2021,20,106243.72,100,240815.7692,91,205680.148
厦门市,2022,13,18533.6742,113,259349.4434,90,209086.1522
厦门市,2023,8,4305.05,121,263654.4934,77,196276.4555
厦门市,2024,12,31504.53,133,295159.0234,74,183577.3838
厦门市,2025,3,16086.0,136,311245.0234,56,176672.9742
台州市,2015,1,2000.0,1,2000.0,1,2000.0
台州市,2016,1,300.0,2,2300.0,2,2300.0
台州市,2017,3,15100.0,5,17400.0,5,17400.0
台州市,2018,2,8864.74,7,26264.74,7,26264.74
台州市,2019,2,10000.0,9,36264.74,9,36264.74
台州市,2020,0,0.0,9,36264.74,8,34264.74
台州市,2021,4,4002.3,13,40267.04,11,37967.04
台州市,2022,6,15263.78,19,55530.82,14,38130.82
台州市,2023,2,2320.0,21,57850.82,14,31586.08
台州市,2024,0,0.0,21,57850.82,12,21586.08
台州市,2025,2,10000.01,23,67850.83,14,31586.09
合肥市,2015,4,1425.25,4,1425.25,4,1425.25
合肥市,2016,22,66013.435,26,67438.685,26,67438.685
合肥市,2017,16,14288.0,42,81726.685,42,81726.685
合肥市,2018,12,87276.05,54,169002.735,54,169002.735
合肥市,2019,22,26523.4134,76,195526.1484,76,195526.1484
合肥市,2020,11,6880.0,87,202406.1484,83,200980.8984
合肥市,2021,24,17452.4768,111,219858.6252,85,152419.9402
合肥市,2022,27,113490.5,138,333349.1252,96,251622.4402
合肥市,2023,52,162072.73,190,495421.8552,136,326419.1202
合肥市,2024,67,78223.61,257,573645.4652,181,378119.3168
合肥市,2025,8,6350.1,265,579995.5652,178,377589.4168
吉安市,2015,0,0.0,0,0.0,0,0.0
吉安市,2016,1,1535.0,1,1535.0,1,1535.0
吉安市,2017,0,0.0,1,1535.0,1,1535.0
吉安市,2018,3,660.0,4,2195.0,4,2195.0
吉安市,2019,2,1501.0,6,3696.0,6,3696.0
吉安市,2020,5,602.0,11,4298.0,11,4298.0
吉安市,2021,0,0.0,11,4298.0,10,2763.0
吉安市,2022,2,1500.0,13,5798.0,12,4263.0
吉安市,2023,12,27813.6,25,33611.6,21,31416.6
吉安市,2024,5,1190.2,30,34801.8,24,31105.8
吉安市,2025,4,4537.3276,34,39339.1276,23,35041.1276
吉林市,2015,1,1500.0,1,1500.0,1,1500.0
吉林市,2016,6,4819.332,7,6319.332,7,6319.332
吉林市,2017,4,6030.0,11,12349.332,11,12349.332
吉林市,2018,1,200.0,12,12549.332,12,12549.332
吉林市,2019,1,500.0,13,13049.332,13,13049.332
吉林市,2020,1,200.0,14,13249.332,13,11749.332
吉林市,2021,0,0.0,14,13249.332,7,6930.0
吉林市,2022,0,0.0,14,13249.332,3,900.0
吉林市,2023,0,0.0,14,13249.332,2,700.0
吉林市,2024,1,100.0,15,13349.332,2,300.0
吉林市,2025,0,0.0,15,13349.332,1,100.0
吕梁市,2015,0,0.0,0,0.0,0,0.0
吕梁市,2016,0,0.0,0,0.0,0,0.0
吕梁市,2017,4,1013.2,4,1013.2,4,1013.2
吕梁市,2018,0,0.0,4,1013.2,4,1013.2
吕梁市,2019,0,0.0,4,1013.2,4,1013.2
吕梁市,2020,1,400.0,5,1413.2,5,1413.2
吕梁市,2021,0,0.0,5,1413.2,5,1413.2
吕梁市,2022,0,0.0,5,1413.2,1,400.0
吕梁市,2023,0,0.0,5,1413.2,1,400.0
吕梁市,2024,0,0.0,5,1413.2,1,400.0
吕梁市,2025,0,0.0,5,1413.2,0,0.0
吴忠市,2015,0,0.0,0,0.0,0,0.0
吴忠市,2016,1,237.0,1,237.0,1,237.0
吴忠市,2017,0,0.0,1,237.0,1,237.0
吴忠市,2018,1,2159.5,2,2396.5,2,2396.5
吴忠市,2019,1,104.0,3,2500.5,3,2500.5
吴忠市,2020,0,0.0,3,2500.5,3,2500.5
吴忠市,2021,0,0.0,3,2500.5,2,2263.5
吴忠市,2022,0,0.0,3,2500.5,2,2263.5
吴忠市,2023,0,0.0,3,2500.5,1,104.0
吴忠市,2024,0,0.0,3,2500.5,0,0.0
吴忠市,2025,0,0.0,3,2500.5,0,0.0
周口市,2015,0,0.0,0,0.0,0,0.0
周口市,2016,0,0.0,0,0.0,0,0.0
周口市,2017,0,0.0,0,0.0,0,0.0
周口市,2018,0,0.0,0,0.0,0,0.0
周口市,2019,0,0.0,0,0.0,0,0.0
周口市,2020,0,0.0,0,0.0,0,0.0
周口市,2021,0,0.0,0,0.0,0,0.0
周口市,2022,0,0.0,0,0.0,0,0.0
周口市,2023,1,3010.0,1,3010.0,1,3010.0
周口市,2024,0,0.0,1,3010.0,1,3010.0
周口市,2025,0,0.0,1,3010.0,1,3010.0
呼伦贝尔市,2015,0,0.0,0,0.0,0,0.0
呼伦贝尔市,2016,1,2600.0,1,2600.0,1,2600.0
呼伦贝尔市,2017,0,0.0,1,2600.0,1,2600.0
呼伦贝尔市,2018,0,0.0,1,2600.0,1,2600.0
呼伦贝尔市,2019,0,0.0,1,2600.0,1,2600.0
呼伦贝尔市,2020,0,0.0,1,2600.0,1,2600.0
呼伦贝尔市,2021,0,0.0,1,2600.0,0,0.0
呼伦贝尔市,2022,0,0.0,1,2600.0,0,0.0
呼伦贝尔市,2023,0,0.0,1,2600.0,0,0.0
呼伦贝尔市,2024,0,0.0,1,2600.0,0,0.0
呼伦贝尔市,2025,0,0.0,1,2600.0,0,0.0
呼和浩特市,2015,0,0.0,0,0.0,0,0.0
呼和浩特市,2016,4,12300.02,4,12300.02,4,12300.02
呼和浩特市,2017,2,20404.0,6,32704.02,6,32704.02
呼和浩特市,2018,1,5000.0,7,37704.02,7,37704.02
呼和浩特市,2019,1,5000.0,8,42704.02,8,42704.02
呼和浩特市,2020,0,0.0,8,42704.02,8,42704.02
呼和浩特市,2021,4,1762.01,12,44466.03,8,32166.01
呼和浩特市,2022,3,1062.6,15,45528.63,9,12824.61
呼和浩特市,2023,0,0.0,15,45528.63,8,7824.61
呼和浩特市,2024,0,0.0,15,45528.63,7,2824.61
呼和浩特市,2025,0,0.0,15,45528.63,7,2824.61
咸宁市,2015,0,0.0,0,0.0,0,0.0
咸宁市,2016,1,5000.0,1,5000.0,1,5000.0
咸宁市,2017,1,5000.0,2,10000.0,2,10000.0
咸宁市,2018,2,600.0,4,10600.0,4,10600.0
咸宁市,2019,1,247.5,5,10847.5,5,10847.5
咸宁市,2020,1,,6,,6,
咸宁市,2021,0,0.0,6,,5,
咸宁市,2022,0,0.0,6,,4,
咸宁市,2023,0,0.0,6,,2,
咸宁市,2024,0,0.0,6,,1,
咸宁市,2025,0,0.0,6,,0,0.0
咸阳市,2015,0,0.0,0,0.0,0,0.0
咸阳市,2016,1,100.0,1,100.0,1,100.0
咸阳市,2017,0,0.0,1,100.0,1,100.0
咸阳市,2018,0,0.0,1,100.0,1,100.0
咸阳市,2019,0,0.0,1,100.0,1,100.0
咸阳市,2020,3,957.51,4,1057.51,4,1057.51
咸阳市,2021,5,4259.0,9,5316.51,8,5216.51
咸阳市,2022,7,4649.1,16,9965.61,15,9865.61
咸阳市,2023,7,10502.3,23,20467.91,22,20367.91
咸阳市,2024,4,2250.1,27,22718.01,26,22618.01
咸阳市,2025,1,1000.0,28,23718.01,24,22660.5
哈尔滨市,2015,0,0.0,0,0.0,0,0.0
哈尔滨市,2016,3,15320.2,3,15320.2,3,15320.2
哈尔滨市,2017,2,1404.0,5,16724.2,5,16724.2
哈尔滨市,2018,6,14074.0,11,30798.2,11,30798.2
哈尔滨市,2019,3,903.0,14,31701.2,14,31701.2
哈尔滨市,2020,4,7231.0,18,38932.2,18,38932.2
哈尔滨市,2021,1,200.0,19,39132.2,16,23812.0
哈尔滨市,2022,0,0.0,19,39132.2,14,22408.0
哈尔滨市,2023,1,3000.0,20,42132.2,9,11334.0
哈尔滨市,2024,2,21000.0,22,63132.2,8,31431.0
哈尔滨市,2025,1,505.0,23,63637.2,5,24705.0
唐山市,2015,1,100.0,1,100.0,1,100.0
唐山市,2016,4,1234.15,5,1334.15,5,1334.15
唐山市,2017,4,101400.15,9,102734.3,9,102734.3
唐山市,2018,3,400.0,12,103134.3,12,103134.3
唐山市,2019,1,100.0,13,103234.3,13,103234.3
唐山市,2020,1,30000.0,14,133234.3,13,133134.3
唐山市,2021,0,0.0,14,133234.3,9,131900.15
唐山市,2022,0,0.0,14,133234.3,5,30500.0
唐山市,2023,7,8860.0,21,142094.3,9,38960.0
唐山市,2024,0,0.0,21,142094.3,8,38860.0
唐山市,2025,0,0.0,21,142094.3,7,8860.0
商丘市,2015,0,0.0,0,0.0,0,0.0
商丘市,2016,0,0.0,0,0.0,0,0.0
商丘市,2017,1,200.0,1,200.0,1,200.0
商丘市,2018,1,300.0,2,500.0,2,500.0
商丘市,2019,0,0.0,2,500.0,2,500.0
商丘市,2020,0,0.0,2,500.0,2,500.0
商丘市,2021,0,0.0,2,500.0,2,500.0
商丘市,2022,0,0.0,2,500.0,1,300.0
商丘市,2023,0,0.0,2,500.0,0,0.0
商丘市,2024,0,0.0,2,500.0,0,0.0
商丘市,2025,0,0.0,2,500.0,0,0.0
喀什地区,2015,0,0.0,0,0.0,0,0.0
喀什地区,2016,0,0.0,0,0.0,0,0.0
喀什地区,2017,0,0.0,0,0.0,0,0.0
喀什地区,2018,0,0.0,0,0.0,0,0.0
喀什地区,2019,0,0.0,0,0.0,0,0.0
喀什地区,2020,0,0.0,0,0.0,0,0.0
喀什地区,2021,0,0.0,0,0.0,0,0.0
喀什地区,2022,0,0.0,0,0.0,0,0.0
喀什地区,2023,0,0.0,0,0.0,0,0.0
喀什地区,2024,0,0.0,0,0.0,0,0.0
喀什地区,2025,1,5000.0,1,5000.0,1,5000.0
嘉兴市,2015,2,581.0,2,581.0,2,581.0
嘉兴市,2016,15,15918.5917,17,16499.5917,17,16499.5917
嘉兴市,2017,10,5911.795,27,22411.3867,27,22411.3867
嘉兴市,2018,9,2785.6,36,25196.9867,36,25196.9867
嘉兴市,2019,6,1937.7857,42,27134.7724,42,27134.7724
嘉兴市,2020,6,6335.0,48,33469.7724,46,32888.7724
嘉兴市,2021,16,12465.7,64,45935.4724,47,29435.8807
嘉兴市,2022,11,7234.01,75,53169.4824,48,30758.0957
嘉兴市,2023,5,867.11,80,54036.5924,44,28839.6057
嘉兴市,2024,7,3243.0,87,57279.5924,45,30144.82
嘉兴市,2025,3,1220.01,90,58499.6024,42,25029.83
四平市,2015,0,0.0,0,0.0,0,0.0
四平市,2016,0,0.0,0,0.0,0,0.0
四平市,2017,1,8000.0,1,8000.0,1,8000.0
四平市,2018,0,0.0,1,8000.0,1,8000.0
四平市,2019,0,0.0,1,8000.0,1,8000.0
四平市,2020,0,0.0,1,8000.0,1,8000.0
四平市,2021,0,0.0,1,8000.0,1,8000.0
四平市,2022,0,0.0,1,8000.0,0,0.0
四平市,2023,0,0.0,1,8000.0,0,0.0
四平市,2024,0,0.0,1,8000.0,0,0.0
四平市,2025,0,0.0,1,8000.0,0,0.0
大同市,2015,0,0.0,0,0.0,0,0.0
大同市,2016,1,2000.0,1,2000.0,1,2000.0
大同市,2017,0,0.0,1,2000.0,1,2000.0
大同市,2018,0,0.0,1,2000.0,1,2000.0
大同市,2019,5,3578.7,6,5578.7,6,5578.7
大同市,2020,2,425.0,8,6003.7,8,6003.7
大同市,2021,1,202.0,9,6205.7,8,4205.7
大同市,2022,2,401.0,11,6606.7,10,4606.7
大同市,2023,2,202.0,13,6808.7,12,4808.7
大同市,2024,1,500.0,14,7308.7,8,1730.0
大同市,2025,0,0.0,14,7308.7,6,1305.0
大庆市,2015,0,0.0,0,0.0,0,0.0
大庆市,2016,0,0.0,0,0.0,0,0.0
大庆市,2017,1,303.0,1,303.0,1,303.0
大庆市,2018,0,0.0,1,303.0,1,303.0
大庆市,2019,0,0.0,1,303.0,1,303.0
大庆市,2020,0,0.0,1,303.0,1,303.0
大庆市,2021,0,0.0,1,303.0,1,303.0
大庆市,2022,0,0.0,1,303.0,0,0.0
大庆市,2023,0,0.0,1,303.0,0,0.0
大庆市,2024,0,0.0,1,303.0,0,0.0
大庆市,2025,0,0.0,1,303.0,0,0.0
大连市,2015,1,5000.0,1,5000.0,1,5000.0
大连市,2016,0,0.0,1,5000.0,1,5000.0
大连市,2017,3,35500.0,4,40500.0,4,40500.0
大连市,2018,2,1766.0,6,42266.0,6,42266.0
大连市,2019,0,0.0,6,42266.0,6,42266.0
大连市,2020,2,300.0,8,42566.0,7,37566.0
大连市,2021,0,0.0,8,42566.0,7,37566.0
大连市,2022,0,0.0,8,42566.0,4,2066.0
大连市,2023,0,0.0,8,42566.0,2,300.0
大连市,2024,1,10000.0,9,52566.0,3,10300.0
大连市,2025,0,0.0,9,52566.0,1,10000.0
天水市,2015,0,0.0,0,0.0,0,0.0
天水市,2016,0,0.0,0,0.0,0,0.0
天水市,2017,0,0.0,0,0.0,0,0.0
天水市,2018,1,285.0,1,285.0,1,285.0
天水市,2019,0,0.0,1,285.0,1,285.0
天水市,2020,0,0.0,1,285.0,1,285.0
天水市,2021,0,0.0,1,285.0,1,285.0
天水市,2022,0,0.0,1,285.0,1,285.0
天水市,2023,0,0.0,1,285.0,0,0.0
天水市,2024,0,0.0,1,285.0,0,0.0
天水市,2025,0,0.0,1,285.0,0,0.0
天津市,2015,3,6000.0,3,6000.0,3,6000.0
天津市,2016,12,8626.7093,15,14626.7093,15,14626.7093
天津市,2017,10,32891.01,25,47517.7193,25,47517.7193
天津市,2018,18,71796.01,43,119313.7293,43,119313.7293
天津市,2019,18,78328.176,61,197641.9053,61,197641.9053
天津市,2020,14,18324.02,75,215965.9253,72,209965.9253
天津市,2021,17,83638.18,92,299604.1053,77,284977.396
天津市,2022,21,41938.5,113,341542.6053,88,294024.886
天津市,2023,23,25738.8,136,367281.4053,93,247967.676
天津市,2024,22,13062.15,158,380343.5553,97,182701.65
天津市,2025,3,3636.1,161,383979.6553,86,168013.73
太原市,2015,3,1003.0,3,1003.0,3,1003.0
太原市,2016,4,12200.0,7,13203.0,7,13203.0
太原市,2017,3,603.1,10,13806.1,10,13806.1
太原市,2018,6,11796.0,16,25602.1,16,25602.1
太原市,2019,14,39223.59,30,64825.69,30,64825.69
太原市,2020,3,717.0,33,65542.69,30,64539.69
太原市,2021,7,5395.0,40,70937.69,33,57734.69
太原市,2022,4,3525.0,44,74462.69,34,60656.59
太原市,2023,5,3875.0,49,78337.69,33,52735.59
太原市,2024,1,1010.0,50,79347.69,20,14522.0
太原市,2025,2,2001.0,52,81348.69,19,15806.0
威海市,2015,0,0.0,0,0.0,0,0.0
威海市,2016,1,100.1,1,100.1,1,100.1
威海市,2017,0,0.0,1,100.1,1,100.1
威海市,2018,1,2500.0,2,2600.1,2,2600.1
威海市,2019,4,4200.0,6,6800.1,6,6800.1
威海市,2020,6,1523.0,12,8323.1,12,8323.1
威海市,2021,2,200.0,14,8523.1,13,8423.0
威海市,2022,3,4580.0,17,13103.1,16,13003.0
威海市,2023,2,700.0,19,13803.1,17,11203.0
威海市,2024,1,500.0,20,14303.1,14,7503.0
威海市,2025,0,0.0,20,14303.1,8,5980.0
娄底市,2015,0,0.0,0,0.0,0,0.0
娄底市,2016,1,760.0,1,760.0,1,760.0
娄底市,2017,1,1240.0,2,2000.0,2,2000.0
娄底市,2018,0,0.0,2,2000.0,2,2000.0
娄底市,2019,0,0.0,2,2000.0,2,2000.0
娄底市,2020,0,0.0,2,2000.0,2,2000.0
娄底市,2021,0,0.0,2,2000.0,1,1240.0
娄底市,2022,0,0.0,2,2000.0,0,0.0
娄底市,2023,0,0.0,2,2000.0,0,0.0
娄底市,2024,0,0.0,2,2000.0,0,0.0
娄底市,2025,0,0.0,2,2000.0,0,0.0
孝感市,2015,0,0.0,0,0.0,0,0.0
孝感市,2016,2,1268.01,2,1268.01,2,1268.01
孝感市,2017,0,0.0,2,1268.01,2,1268.01
孝感市,2018,0,0.0,2,1268.01,2,1268.01
孝感市,2019,0,0.0,2,1268.01,2,1268.01
孝感市,2020,0,0.0,2,1268.01,2,1268.01
孝感市,2021,0,0.0,2,1268.01,0,0.0
孝感市,2022,0,0.0,2,1268.01,0,0.0
孝感市,2023,1,500.0,3,1768.01,1,500.0
孝感市,2024,0,0.0,3,1768.01,1,500.0
孝感市,2025,0,0.0,3,1768.01,1,500.0
宁德市,2015,0,0.0,0,0.0,0,0.0
宁德市,2016,0,0.0,0,0.0,0,0.0
宁德市,2017,2,1500.1,2,1500.1,2,1500.1
宁德市,2018,0,0.0,2,1500.1,2,1500.1
宁德市,2019,0,0.0,2,1500.1,2,1500.1
宁德市,2020,0,0.0,2,1500.1,2,1500.1
宁德市,2021,0,0.0,2,1500.1,2,1500.1
宁德市,2022,1,20000.0,3,21500.1,1,20000.0
宁德市,2023,0,0.0,3,21500.1,1,20000.0
宁德市,2024,0,0.0,3,21500.1,1,20000.0
宁德市,2025,0,0.0,3,21500.1,1,20000.0
宁波市,2015,1,10000.0,1,10000.0,1,10000.0
宁波市,2016,17,41108.3405,18,51108.3405,18,51108.3405
宁波市,2017,20,16692.064,38,67800.4045,38,67800.4045
宁波市,2018,9,24997.7,47,92798.1045,47,92798.1045
宁波市,2019,5,15592.3823,52,108390.4868,52,108390.4868
宁波市,2020,5,6473.3,57,114863.7868,56,104863.7868
宁波市,2021,8,6383.0,65,121246.7868,47,70138.4463
宁波市,2022,7,12293.8,72,133540.5868,34,65740.1823
宁波市,2023,3,12400.0,75,145940.5868,28,53142.4823
宁波市,2024,4,6110.01,79,152050.5968,27,43660.11
宁波市,2025,1,50.01,80,152100.6068,23,37236.82
安庆市,2015,0,0.0,0,0.0,0,0.0
安庆市,2016,1,900.0,1,900.0,1,900.0
安庆市,2017,2,4820.1,3,5720.1,3,5720.1
安庆市,2018,3,1900.0,6,7620.1,6,7620.1
安庆市,2019,4,4816.17,10,12436.27,10,12436.27
安庆市,2020,2,1655.56,12,14091.83,12,14091.83
安庆市,2021,1,150.0,13,14241.83,12,13341.83
安庆市,2022,3,700.0,16,14941.83,13,9221.73
安庆市,2023,2,3000.0,18,17941.83,12,10321.73
安庆市,2024,3,2735.03,21,20676.86,11,8240.59
安庆市,2025,0,0.0,21,20676.86,9,6585.03
安康市,2015,0,0.0,0,0.0,0,0.0
安康市,2016,0,0.0,0,0.0,0,0.0
安康市,2017,1,50.0,1,50.0,1,50.0
安康市,2018,0,0.0,1,50.0,1,50.0
安康市,2019,0,0.0,1,50.0,1,50.0
安康市,2020,0,0.0,1,50.0,1,50.0
安康市,2021,1,500.0,2,550.0,2,550.0
安康市,2022,0,0.0,2,550.0,1,500.0
安康市,2023,0,0.0,2,550.0,1,500.0
安康市,2024,0,0.0,2,550.0,1,500.0
安康市,2025,0,0.0,2,550.0,1,500.0
安阳市,2015,0,0.0,0,0.0,0,0.0
安阳市,2016,0,0.0,0,0.0,0,0.0
安阳市,2017,0,0.0,0,0.0,0,0.0
安阳市,2018,1,,1,,1,
安阳市,2019,1,181.6,2,,2,
安阳市,2020,1,5000.0,3,,3,
安阳市,2021,0,0.0,3,,3,
安阳市,2022,1,207.0,4,,4,
安阳市,2023,0,0.0,4,,3,5388.6
安阳市,2024,0,0.0,4,,2,5207.0
安阳市,2025,0,0.0,4,,1,207.0
安顺市,2015,0,0.0,0,0.0,0,0.0
安顺市,2016,3,5020.03,3,5020.03,3,5020.03
安顺市,2017,0,0.0,3,5020.03,3,5020.03
安顺市,2018,0,0.0,3,5020.03,3,5020.03
安顺市,2019,0,0.0,3,5020.03,3,5020.03
安顺市,2020,0,0.0,3,5020.03,3,5020.03
安顺市,2021,0,0.0,3,5020.03,0,0.0
安顺市,2022,0,0.0,3,5020.03,0,0.0
安顺市,2023,0,0.0,3,5020.03,0,0.0
安顺市,2024,1,2000.0,4,7020.03,1,2000.0
安顺市,2025,0,0.0,4,7020.03,1,2000.0
宜宾市,2015,0,0.0,0,0.0,0,0.0
宜宾市,2016,0,0.0,0,0.0,0,0.0
宜宾市,2017,0,0.0,0,0.0,0,0.0
宜宾市,2018,2,12000.0,2,12000.0,2,12000.0
宜宾市,2019,1,142.5,3,12142.5,3,12142.5
宜宾市,2020,1,156.0,4,12298.5,4,12298.5
宜宾市,2021,2,2012.0,6,14310.5,6,14310.5
宜宾市,2022,0,0.0,6,14310.5,6,14310.5
宜宾市,2023,3,19801.0,9,34111.5,7,22111.5
宜宾市,2024,1,550.1,10,34661.6,7,22519.1
宜宾市,2025,0,0.0,10,34661.6,6,22363.1
宜昌市,2015,0,0.0,0,0.0,0,0.0
宜昌市,2016,5,20951.0,5,20951.0,5,20951.0
宜昌市,2017,5,1435.676,10,22386.676,10,22386.676
宜昌市,2018,8,2437.5,18,24824.176,18,24824.176
宜昌市,2019,5,2087.5,23,26911.676,23,26911.676
宜昌市,2020,6,2492.5,29,29404.176,29,29404.176
宜昌市,2021,0,0.0,29,29404.176,24,8453.176
宜昌市,2022,1,500.0,30,29904.176,20,7517.5
宜昌市,2023,1,5000.0,31,34904.176,13,10080.0
宜昌市,2024,3,1500.0,34,36404.176,11,9492.5
宜昌市,2025,0,0.0,34,36404.176,5,7000.0
宜春市,2015,0,0.0,0,0.0,0,0.0
宜春市,2016,0,0.0,0,0.0,0,0.0
宜春市,2017,6,5573.0,6,5573.0,6,5573.0
宜春市,2018,7,17817.5,13,23390.5,13,23390.5
宜春市,2019,2,162.25,15,23552.75,15,23552.75
宜春市,2020,4,2374.2,19,25926.95,19,25926.95
宜春市,2021,2,2750.0,21,28676.95,21,28676.95
宜春市,2022,2,1000.0,23,29676.95,17,24103.95
宜春市,2023,0,0.0,23,29676.95,10,6286.45
宜春市,2024,2,11000.0,25,40676.95,10,17124.2
宜春市,2025,0,0.0,25,40676.95,6,14750.0
宝鸡市,2015,0,0.0,0,0.0,0,0.0
宝鸡市,2016,0,0.0,0,0.0,0,0.0
宝鸡市,2017,3,1941.81,3,1941.81,3,1941.81
宝鸡市,2018,1,101.0,4,2042.81,4,2042.81
宝鸡市,2019,0,0.0,4,2042.81,4,2042.81
宝鸡市,2020,0,0.0,4,2042.81,4,2042.81
宝鸡市,2021,3,601.0,7,2643.81,7,2643.81
宝鸡市,2022,3,700.0,10,3343.81,7,1402.0
宝鸡市,2023,1,100.0,11,3443.81,7,1401.0
宝鸡市,2024,0,0.0,11,3443.81,7,1401.0
宝鸡市,2025,0,0.0,11,3443.81,7,1401.0
宣城市,2015,0,0.0,0,0.0,0,0.0
宣城市,2016,2,1500.0,2,1500.0,2,1500.0
宣城市,2017,2,4495.0,4,5995.0,4,5995.0
宣城市,2018,3,1374.1,7,7369.1,7,7369.1
宣城市,2019,2,1553.0,9,8922.1,9,8922.1
宣城市,2020,1,1200.1,10,10122.2,10,10122.2
宣城市,2021,1,100.0,11,10222.2,9,8722.2
宣城市,2022,1,260.0,12,10482.2,8,4487.2
宣城市,2023,8,10999.0,20,21481.2,13,14112.1
宣城市,2024,7,7100.0,27,28581.2,18,19659.1
宣城市,2025,0,0.0,27,28581.2,17,18459.0
宿州市,2015,0,0.0,0,0.0,0,0.0
宿州市,2016,1,109.1,1,109.1,1,109.1
宿州市,2017,4,2356.78,5,2465.88,5,2465.88
宿州市,2018,2,,7,,7,
宿州市,2019,1,1000.0,8,,8,
宿州市,2020,1,1000.0,9,,9,
宿州市,2021,0,0.0,9,,8,
宿州市,2022,6,6277.85,15,,10,
宿州市,2023,4,3200.0,19,,12,11477.85
宿州市,2024,5,3500.0,24,,16,13977.85
宿州市,2025,0,0.0,24,,15,12977.85
宿迁市,2015,0,0.0,0,0.0,0,0.0
宿迁市,2016,0,0.0,0,0.0,0,0.0
宿迁市,2017,2,2817.3167,2,2817.3167,2,2817.3167
宿迁市,2018,1,300.0,3,3117.3167,3,3117.3167
宿迁市,2019,3,5700.0,6,8817.3167,6,8817.3167
宿迁市,2020,1,300.0,7,9117.3167,7,9117.3167
宿迁市,2021,3,2200.0,10,11317.3167,10,11317.3167
宿迁市,2022,2,875.0,12,12192.3167,10,9375.0
宿迁市,2023,3,1800.0,15,13992.3167,12,10875.0
宿迁市,2024,1,1000.0,16,14992.3167,10,6175.0
宿迁市,2025,0,0.0,16,14992.3167,9,5875.0
岳阳市,2015,0,0.0,0,0.0,0,0.0
岳阳市,2016,0,0.0,0,0.0,0,0.0
岳阳市,2017,0,0.0,0,0.0,0,0.0
岳阳市,2018,0,0.0,0,0.0,0,0.0
岳阳市,2019,0,0.0,0,0.0,0,0.0
岳阳市,2020,0,0.0,0,0.0,0,0.0
岳阳市,2021,1,5000.0,1,5000.0,1,5000.0
岳阳市,2022,0,0.0,1,5000.0,1,5000.0
岳阳市,2023,0,0.0,1,5000.0,1,5000.0
岳阳市,2024,0,0.0,1,5000.0,1,5000.0
岳阳市,2025,0,0.0,1,5000.0,1,5000.0
崇左市,2015,0,0.0,0,0.0,0,0.0
崇左市,2016,0,0.0,0,0.0,0,0.0
崇左市,2017,0,0.0,0,0.0,0,0.0
崇左市,2018,0,0.0,0,0.0,0,0.0
崇左市,2019,0,0.0,0,0.0,0,0.0
崇左市,2020,1,1000.0,1,1000.0,1,1000.0
崇左市,2021,0,0.0,1,1000.0,1,1000.0
崇左市,2022,0,0.0,1,1000.0,1,1000.0
崇左市,2023,0,0.0,1,1000.0,1,1000.0
崇左市,2024,0,0.0,1,1000.0,1,1000.0
崇左市,2025,0,0.0,1,1000.0,0,0.0
巴中市,2015,0,0.0,0,0.0,0,0.0
巴中市,2016,2,2020.0,2,2020.0,2,2020.0
巴中市,2017,1,50.0,3,2070.0,3,2070.0
巴中市,2018,1,1500.0,4,3570.0,4,3570.0
巴中市,2019,0,0.0,4,3570.0,4,3570.0
巴中市,2020,0,0.0,4,3570.0,4,3570.0
巴中市,2021,0,0.0,4,3570.0,2,1550.0
巴中市,2022,0,0.0,4,3570.0,1,1500.0
巴中市,2023,0,0.0,4,3570.0,0,0.0
巴中市,2024,0,0.0,4,3570.0,0,0.0
巴中市,2025,0,0.0,4,3570.0,0,0.0
巴音郭楞蒙古自治州,2015,0,0.0,0,0.0,0,0.0
巴音郭楞蒙古自治州,2016,0,0.0,0,0.0,0,0.0
巴音郭楞蒙古自治州,2017,0,0.0,0,0.0,0,0.0
巴音郭楞蒙古自治州,2018,0,0.0,0,0.0,0,0.0
巴音郭楞蒙古自治州,2019,0,0.0,0,0.0,0,0.0
巴音郭楞蒙古自治州,2020,0,0.0,0,0.0,0,0.0
巴音郭楞蒙古自治州,2021,0,0.0,0,0.0,0,0.0
巴音郭楞蒙古自治州,2022,0,0.0,0,0.0,0,0.0
巴音郭楞蒙古自治州,2023,2,800.0,2,800.0,2,800.0
巴音郭楞蒙古自治州,2024,1,1000.0,3,1800.0,3,1800.0
巴音郭楞蒙古自治州,2025,0,0.0,3,1800.0,3,1800.0
常州市,2015,0,0.0,0,0.0,0,0.0
常州市,2016,7,2660.162,7,2660.162,7,2660.162
常州市,2017,9,18957.8,16,21617.962,16,21617.962
常州市,2018,5,3466.5452,21,25084.5072,21,25084.5072
常州市,2019,7,4950.0,28,30034.5072,28,30034.5072
常州市,2020,4,760.25,32,30794.7572,32,30794.7572
常州市,2021,8,13216.0,40,44010.7572,33,41350.5952
常州市,2022,18,63795.04,58,107805.7972,42,86187.8352
常州市,2023,9,8696.4,67,116502.1972,46,91417.69
常州市,2024,11,14685.4,78,131187.5972,50,101153.09
常州市,2025,0,0.0,78,131187.5972,46,100392.84
常德市,2015,0,0.0,0,0.0,0,0.0
常德市,2016,1,215.0,1,215.0,1,215.0
常德市,2017,0,0.0,1,215.0,1,215.0
常德市,2018,5,4451.0,6,4666.0,6,4666.0
常德市,2019,5,1921.28,11,6587.28,11,6587.28
常德市,2020,1,1000.0,12,7587.28,12,7587.28
常德市,2021,2,200.0,14,7787.28,13,7572.28
常德市,2022,1,1000.0,15,8787.28,14,8572.28
常德市,2023,2,3200.0,17,11987.28,11,7321.28
常德市,2024,0,0.0,17,11987.28,6,5400.0
常德市,2025,0,0.0,17,11987.28,5,4400.0
平凉市,2015,0,0.0,0,0.0,0,0.0
平凉市,2016,0,0.0,0,0.0,0,0.0
平凉市,2017,0,0.0,0,0.0,0,0.0
平凉市,2018,0,0.0,0,0.0,0,0.0
平凉市,2019,0,0.0,0,0.0,0,0.0
平凉市,2020,0,0.0,0,0.0,0,0.0
平凉市,2021,0,0.0,0,0.0,0,0.0
平凉市,2022,0,0.0,0,0.0,0,0.0
平凉市,2023,1,160.0,1,160.0,1,160.0
平凉市,2024,0,0.0,1,160.0,1,160.0
平凉市,2025,0,0.0,1,160.0,1,160.0
平顶山市,2015,0,0.0,0,0.0,0,0.0
平顶山市,2016,0,0.0,0,0.0,0,0.0
平顶山市,2017,1,,1,,1,
平顶山市,2018,1,710.0,2,,2,
平顶山市,2019,0,0.0,2,,2,
平顶山市,2020,0,0.0,2,,2,
平顶山市,2021,0,0.0,2,,2,
平顶山市,2022,0,0.0,2,,1,710.0
平顶山市,2023,4,21020.0,6,,4,21020.0
平顶山市,2024,0,0.0,6,,4,21020.0
平顶山市,2025,0,0.0,6,,4,21020.0
广元市,2015,0,0.0,0,0.0,0,0.0
广元市,2016,0,0.0,0,0.0,0,0.0
广元市,2017,0,0.0,0,0.0,0,0.0
广元市,2018,0,0.0,0,0.0,0,0.0
广元市,2019,0,0.0,0,0.0,0,0.0
广元市,2020,0,0.0,0,0.0,0,0.0
广元市,2021,0,0.0,0,0.0,0,0.0
广元市,2022,0,0.0,0,0.0,0,0.0
广元市,2023,0,0.0,0,0.0,0,0.0
广元市,2024,1,1000.0,1,1000.0,1,1000.0
广元市,2025,0,0.0,1,1000.0,1,1000.0
广安市,2015,0,0.0,0,0.0,0,0.0
广安市,2016,1,242.5,1,242.5,1,242.5
广安市,2017,0,0.0,1,242.5,1,242.5
广安市,2018,0,0.0,1,242.5,1,242.5
广安市,2019,0,0.0,1,242.5,1,242.5
广安市,2020,1,500.0,2,742.5,2,742.5
广安市,2021,1,250.3,3,992.8,2,750.3
广安市,2022,0,0.0,3,992.8,2,750.3
广安市,2023,1,500.1,4,1492.9,3,1250.4
广安市,2024,0,0.0,4,1492.9,3,1250.4
广安市,2025,0,0.0,4,1492.9,2,750.4
广州市,2015,0,0.0,0,0.0,0,0.0
广州市,2016,10,49005.4824,10,49005.4824,10,49005.4824
广州市,2017,22,198241.8525,32,247247.3349,32,247247.3349
广州市,2018,49,192833.2827,81,440080.6176,81,440080.6176
广州市,2019,42,50384.1439,123,490464.7615,123,490464.7615
广州市,2020,50,75831.7353,173,566296.4968,173,566296.4968
广州市,2021,22,47322.954,195,613619.4508,185,564613.9684
广州市,2022,18,219798.4631,213,833417.9139,181,586170.579
广州市,2023,20,17661.22,233,851079.1339,152,410998.5163
广州市,2024,46,111894.325,279,962973.4589,156,472508.6974
广州市,2025,11,4055.08,290,967028.5389,117,400732.0421
廊坊市,2015,0,0.0,0,0.0,0,0.0
廊坊市,2016,1,,1,,1,
廊坊市,2017,1,1000.0,2,,2,
廊坊市,2018,0,0.0,2,,2,
廊坊市,2019,1,100.0,3,,3,
廊坊市,2020,1,691.0,4,,4,
廊坊市,2021,8,1603.2,12,,11,3394.2
廊坊市,2022,2,10100.0,14,,12,12494.2
廊坊市,2023,1,300.0,15,,13,12794.2
廊坊市,2024,2,700.0,17,,14,13394.2
廊坊市,2025,1,200.0,18,,14,12903.2
延安市,2015,0,0.0,0,0.0,0,0.0
延安市,2016,0,0.0,0,0.0,0,0.0
延安市,2017,1,15000.0,1,15000.0,1,15000.0
延安市,2018,0,0.0,1,15000.0,1,15000.0
延安市,2019,0,0.0,1,15000.0,1,15000.0
延安市,2020,0,0.0,1,15000.0,1,15000.0
延安市,2021,0,0.0,1,15000.0,1,15000.0
延安市,2022,1,500.0,2,15500.0,1,500.0
延安市,2023,2,800.0,4,16300.0,3,1300.0
延安市,2024,0,0.0,4,16300.0,3,1300.0
延安市,2025,0,0.0,4,16300.0,3,1300.0
延边朝鲜族自治州,2015,0,0.0,0,0.0,0,0.0
延边朝鲜族自治州,2016,0,0.0,0,0.0,0,0.0
延边朝鲜族自治州,2017,0,0.0,0,0.0,0,0.0
延边朝鲜族自治州,2018,1,200.0,1,200.0,1,200.0
延边朝鲜族自治州,2019,0,0.0,1,200.0,1,200.0
延边朝鲜族自治州,2020,0,0.0,1,200.0,1,200.0
延边朝鲜族自治州,2021,0,0.0,1,200.0,1,200.0
延边朝鲜族自治州,2022,0,0.0,1,200.0,1,200.0
延边朝鲜族自治州,2023,0,0.0,1,200.0,0,0.0
延边朝鲜族自治州,2024,0,0.0,1,200.0,0,0.0
延边朝鲜族自治州,2025,0,0.0,1,200.0,0,0.0
开封市,2015,0,0.0,0,0.0,0,0.0
开封市,2016,0,0.0,0,0.0,0,0.0
开封市,2017,1,600.0,1,600.0,1,600.0
开封市,2018,2,852.0,3,1452.0,3,1452.0
开封市,2019,1,325.0,4,1777.0,4,1777.0
开封市,2020,0,0.0,4,1777.0,4,1777.0
开封市,2021,1,3000.0,5,4777.0,5,4777.0
开封市,2022,3,10209.9,8,14986.9,7,14386.9
开封市,2023,1,200.0,9,15186.9,6,13734.9
开封市,2024,1,1000.0,10,16186.9,6,14409.9
开封市,2025,0,0.0,10,16186.9,6,14409.9
张家口市,2015,0,0.0,0,0.0,0,0.0
张家口市,2016,0,0.0,0,0.0,0,0.0
张家口市,2017,0,0.0,0,0.0,0,0.0
张家口市,2018,0,0.0,0,0.0,0,0.0
张家口市,2019,0,0.0,0,0.0,0,0.0
张家口市,2020,0,0.0,0,0.0,0,0.0
张家口市,2021,1,1010.0,1,1010.0,1,1010.0
张家口市,2022,1,1002.0,2,2012.0,2,2012.0
张家口市,2023,0,0.0,2,2012.0,2,2012.0
张家口市,2024,0,0.0,2,2012.0,2,2012.0
张家口市,2025,0,0.0,2,2012.0,2,2012.0
张掖市,2015,0,0.0,0,0.0,0,0.0
张掖市,2016,0,0.0,0,0.0,0,0.0
张掖市,2017,1,310.0,1,310.0,1,310.0
张掖市,2018,0,0.0,1,310.0,1,310.0
张掖市,2019,0,0.0,1,310.0,1,310.0
张掖市,2020,0,0.0,1,310.0,1,310.0
张掖市,2021,0,0.0,1,310.0,1,310.0
张掖市,2022,0,0.0,1,310.0,0,0.0
张掖市,2023,1,160.0,2,470.0,1,160.0
张掖市,2024,0,0.0,2,470.0,1,160.0
张掖市,2025,0,0.0,2,470.0,1,160.0
徐州市,2015,0,0.0,0,0.0,0,0.0
徐州市,2016,0,0.0,0,0.0,0,0.0
徐州市,2017,6,15502.0,6,15502.0,6,15502.0
徐州市,2018,11,21572.0,17,37074.0,17,37074.0
徐州市,2019,10,9558.5,27,46632.5,27,46632.5
徐州市,2020,6,2696.0,33,49328.5,33,49328.5
徐州市,2021,10,10264.0,43,59592.5,43,59592.5
徐州市,2022,14,5090.6,57,64683.1,51,49181.1
徐州市,2023,6,1819.2332,63,66502.3332,46,29428.3332
徐州市,2024,5,9400.0,68,75902.3332,41,29269.8332
徐州市,2025,3,2525.0,71,78427.3332,38,29098.8332
德州市,2015,0,0.0,0,0.0,0,0.0
德州市,2016,1,500.0,1,500.0,1,500.0
德州市,2017,1,50.0,2,550.0,2,550.0
德州市,2018,0,0.0,2,550.0,2,550.0
德州市,2019,1,820.0,3,1370.0,3,1370.0
德州市,2020,0,0.0,3,1370.0,3,1370.0
德州市,2021,0,0.0,3,1370.0,2,870.0
德州市,2022,0,0.0,3,1370.0,1,820.0
德州市,2023,0,0.0,3,1370.0,1,820.0
德州市,2024,1,1000.0,4,2370.0,1,1000.0
德州市,2025,0,0.0,4,2370.0,1,1000.0
德阳市,2015,0,0.0,0,0.0,0,0.0
德阳市,2016,1,60.0,1,60.0,1,60.0
德阳市,2017,2,219.02,3,279.02,3,279.02
德阳市,2018,0,0.0,3,279.02,3,279.02
德阳市,2019,1,1000.0,4,1279.02,4,1279.02
德阳市,2020,0,0.0,4,1279.02,4,1279.02
德阳市,2021,2,4675.1,6,5954.12,5,5894.12
德阳市,2022,0,0.0,6,5954.12,3,5675.1
德阳市,2023,0,0.0,6,5954.12,3,5675.1
德阳市,2024,0,0.0,6,5954.12,2,4675.1
德阳市,2025,0,0.0,6,5954.12,2,4675.1
忻州市,2015,0,0.0,0,0.0,0,0.0
忻州市,2016,0,0.0,0,0.0,0,0.0
忻州市,2017,0,0.0,0,0.0,0,0.0
忻州市,2018,0,0.0,0,0.0,0,0.0
忻州市,2019,1,500.0,1,500.0,1,500.0
忻州市,2020,1,500.0,2,1000.0,2,1000.0
忻州市,2021,0,0.0,2,1000.0,2,1000.0
忻州市,2022,0,0.0,2,1000.0,2,1000.0
忻州市,2023,0,0.0,2,1000.0,2,1000.0
忻州市,2024,0,0.0,2,1000.0,1,500.0
忻州市,2025,0,0.0,2,1000.0,0,0.0
怀化市,2015,0,0.0,0,0.0,0,0.0
怀化市,2016,0,0.0,0,0.0,0,0.0
怀化市,2017,0,0.0,0,0.0,0,0.0
怀化市,2018,0,0.0,0,0.0,0,0.0
怀化市,2019,0,0.0,0,0.0,0,0.0
怀化市,2020,1,1000.0,1,1000.0,1,1000.0
怀化市,2021,3,94.6,4,1094.6,4,1094.6
怀化市,2022,0,0.0,4,1094.6,4,1094.6
怀化市,2023,0,0.0,4,1094.6,4,1094.6
怀化市,2024,0,0.0,4,1094.6,4,1094.6
怀化市,2025,0,0.0,4,1094.6,3,94.6
怒江傈僳族自治州,2015,0,0.0,0,0.0,0,0.0
怒江傈僳族自治州,2016,0,0.0,0,0.0,0,0.0
怒江傈僳族自治州,2017,0,0.0,0,0.0,0,0.0
怒江傈僳族自治州,2018,0,0.0,0,0.0,0,0.0
怒江傈僳族自治州,2019,1,31.0,1,31.0,1,31.0
怒江傈僳族自治州,2020,0,0.0,1,31.0,1,31.0
怒江傈僳族自治州,2021,0,0.0,1,31.0,1,31.0
怒江傈僳族自治州,2022,0,0.0,1,31.0,1,31.0
怒江傈僳族自治州,2023,0,0.0,1,31.0,1,31.0
怒江傈僳族自治州,2024,0,0.0,1,31.0,0,0.0
怒江傈僳族自治州,2025,0,0.0,1,31.0,0,0.0
恩施土家族苗族自治州,2015,0,0.0,0,0.0,0,0.0
恩施土家族苗族自治州,2016,0,0.0,0,0.0,0,0.0
恩施土家族苗族自治州,2017,0,0.0,0,0.0,0,0.0
恩施土家族苗族自治州,2018,0,0.0,0,0.0,0,0.0
恩施土家族苗族自治州,2019,1,200.0,1,200.0,1,200.0
恩施土家族苗族自治州,2020,0,0.0,1,200.0,1,200.0
恩施土家族苗族自治州,2021,0,0.0,1,200.0,1,200.0
恩施土家族苗族自治州,2022,0,0.0,1,200.0,1,200.0
恩施土家族苗族自治州,2023,0,0.0,1,200.0,1,200.0
恩施土家族苗族自治州,2024,0,0.0,1,200.0,0,0.0
恩施土家族苗族自治州,2025,0,0.0,1,200.0,0,0.0
惠州市,2015,0,0.0,0,0.0,0,0.0
惠州市,2016,0,0.0,0,0.0,0,0.0
惠州市,2017,2,1111.1111,2,1111.1111,2,1111.1111
惠州市,2018,0,0.0,2,1111.1111,2,1111.1111
惠州市,2019,1,1000.0,3,2111.1111,3,2111.1111
惠州市,2020,0,0.0,3,2111.1111,3,2111.1111
惠州市,2021,0,0.0,3,2111.1111,3,2111.1111
惠州市,2022,0,0.0,3,2111.1111,1,1000.0
惠州市,2023,1,71.0,4,2182.1111,2,1071.0
惠州市,2024,5,6651.0,9,8833.1111,6,6722.0
惠州市,2025,1,600.0,10,9433.1111,7,7322.0
成都市,2015,1,2000.0,1,2000.0,1,2000.0
成都市,2016,24,60189.9575,25,62189.9575,25,62189.9575
成都市,2017,23,92952.1063,48,155142.0638,48,155142.0638
成都市,2018,26,167420.8263,74,322562.8901,74,322562.8901
成都市,2019,16,46651.49,90,369214.3801,90,369214.3801
成都市,2020,26,47677.1858,116,416891.5659,115,414891.5659
成都市,2021,24,57051.78,140,473943.3459,115,411753.3884
成都市,2022,29,35167.301,169,509110.6469,121,353968.5831
成都市,2023,35,67382.4,204,576493.0469,130,253930.1568
成都市,2024,23,42005.1,227,618498.1469,137,249283.7668
成都市,2025,5,23000.0,232,641498.1469,116,224606.581
扬州市,2015,0,0.0,0,0.0,0,0.0
扬州市,2016,2,130.0,2,130.0,2,130.0
扬州市,2017,3,2166.5,5,2296.5,5,2296.5
扬州市,2018,5,3651.75,10,5948.25,10,5948.25
扬州市,2019,4,2357.25,14,8305.5,14,8305.5
扬州市,2020,8,11192.5,22,19498.0,22,19498.0
扬州市,2021,6,5551.0,28,25049.0,26,24919.0
扬州市,2022,7,5080.4,35,30129.4,30,27832.9
扬州市,2023,5,2500.01,40,32629.41,30,26681.16
扬州市,2024,12,13545.0,52,46174.41,38,37868.91
扬州市,2025,8,9404.0,60,55578.41,38,36080.41
承德市,2015,0,0.0,0,0.0,0,0.0
承德市,2016,0,0.0,0,0.0,0,0.0
承德市,2017,3,5444.0,3,5444.0,3,5444.0
承德市,2018,0,0.0,3,5444.0,3,5444.0
承德市,2019,0,0.0,3,5444.0,3,5444.0
承德市,2020,0,0.0,3,5444.0,3,5444.0
承德市,2021,0,0.0,3,5444.0,3,5444.0
承德市,2022,0,0.0,3,5444.0,0,0.0
承德市,2023,0,0.0,3,5444.0,0,0.0
承德市,2024,2,1000.0,5,6444.0,2,1000.0
承德市,2025,0,0.0,5,6444.0,2,1000.0
抚州市,2015,0,0.0,0,0.0,0,0.0
抚州市,2016,0,0.0,0,0.0,0,0.0
抚州市,2017,0,0.0,0,0.0,0,0.0
抚州市,2018,3,6002.0,3,6002.0,3,6002.0
抚州市,2019,1,185.01,4,6187.01,4,6187.01
抚州市,2020,3,1969.0,7,8156.01,7,8156.01
抚州市,2021,4,2340.0,11,10496.01,11,10496.01
抚州市,2022,1,54.0,12,10550.01,12,10550.01
抚州市,2023,0,0.0,12,10550.01,9,4548.01
抚州市,2024,1,10000.0,13,20550.01,9,14363.0
抚州市,2025,0,0.0,13,20550.01,6,12394.0
抚顺市,2015,0,0.0,0,0.0,0,0.0
抚顺市,2016,1,1000.0,1,1000.0,1,1000.0
抚顺市,2017,0,0.0,1,1000.0,1,1000.0
抚顺市,2018,0,0.0,1,1000.0,1,1000.0
抚顺市,2019,1,2000.0,2,3000.0,2,3000.0
抚顺市,2020,0,0.0,2,3000.0,2,3000.0
抚顺市,2021,0,0.0,2,3000.0,1,2000.0
抚顺市,2022,0,0.0,2,3000.0,1,2000.0
抚顺市,2023,0,0.0,2,3000.0,1,2000.0
抚顺市,2024,0,0.0,2,3000.0,0,0.0
抚顺市,2025,0,0.0,2,3000.0,0,0.0
拉萨市,2015,0,0.0,0,0.0,0,0.0
拉萨市,2016,1,2500.0,1,2500.0,1,2500.0
拉萨市,2017,1,1000.0,2,3500.0,2,3500.0
拉萨市,2018,0,0.0,2,3500.0,2,3500.0
拉萨市,2019,0,0.0,2,3500.0,2,3500.0
拉萨市,2020,0,0.0,2,3500.0,2,3500.0
拉萨市,2021,0,0.0,2,3500.0,1,1000.0
拉萨市,2022,1,3659.0,3,7159.0,1,3659.0
拉萨市,2023,0,0.0,3,7159.0,1,3659.0
拉萨市,2024,0,0.0,3,7159.0,1,3659.0
拉萨市,2025,0,0.0,3,7159.0,1,3659.0
揭阳市,2015,0,0.0,0,0.0,0,0.0
揭阳市,2016,0,0.0,0,0.0,0,0.0
揭阳市,2017,0,0.0,0,0.0,0,0.0
揭阳市,2018,0,0.0,0,0.0,0,0.0
揭阳市,2019,0,0.0,0,0.0,0,0.0
揭阳市,2020,0,0.0,0,0.0,0,0.0
揭阳市,2021,1,10000.0,1,10000.0,1,10000.0
揭阳市,2022,0,0.0,1,10000.0,1,10000.0
揭阳市,2023,0,0.0,1,10000.0,1,10000.0
揭阳市,2024,0,0.0,1,10000.0,1,10000.0
揭阳市,2025,0,0.0,1,10000.0,1,10000.0
攀枝花市,2015,0,0.0,0,0.0,0,0.0
攀枝花市,2016,3,2500.0,3,2500.0,3,2500.0
攀枝花市,2017,0,0.0,3,2500.0,3,2500.0
攀枝花市,2018,1,5000.0,4,7500.0,4,7500.0
攀枝花市,2019,0,0.0,4,7500.0,4,7500.0
攀枝花市,2020,0,0.0,4,7500.0,4,7500.0
攀枝花市,2021,1,3001.0,5,10501.0,2,8001.0
攀枝花市,2022,0,0.0,5,10501.0,2,8001.0
攀枝花市,2023,0,0.0,5,10501.0,1,3001.0
攀枝花市,2024,0,0.0,5,10501.0,1,3001.0
攀枝花市,2025,0,0.0,5,10501.0,1,3001.0
文山壮族苗族自治州,2015,0,0.0,0,0.0,0,0.0
文山壮族苗族自治州,2016,1,28600.0,1,28600.0,1,28600.0
文山壮族苗族自治州,2017,0,0.0,1,28600.0,1,28600.0
文山壮族苗族自治州,2018,0,0.0,1,28600.0,1,28600.0
文山壮族苗族自治州,2019,0,0.0,1,28600.0,1,28600.0
文山壮族苗族自治州,2020,0,0.0,1,28600.0,1,28600.0
文山壮族苗族自治州,2021,0,0.0,1,28600.0,0,0.0
文山壮族苗族自治州,2022,0,0.0,1,28600.0,0,0.0
文山壮族苗族自治州,2023,0,0.0,1,28600.0,0,0.0
文山壮族苗族自治州,2024,0,0.0,1,28600.0,0,0.0
文山壮族苗族自治州,2025,0,0.0,1,28600.0,0,0.0
文昌市,2015,0,0.0,0,0.0,0,0.0
文昌市,2016,0,0.0,0,0.0,0,0.0
文昌市,2017,0,0.0,0,0.0,0,0.0
文昌市,2018,0,0.0,0,0.0,0,0.0
文昌市,2019,0,0.0,0,0.0,0,0.0
文昌市,2020,0,0.0,0,0.0,0,0.0
文昌市,2021,0,0.0,0,0.0,0,0.0
文昌市,2022,0,0.0,0,0.0,0,0.0
文昌市,2023,0,0.0,0,0.0,0,0.0
文昌市,2024,1,1000.0,1,1000.0,1,1000.0
文昌市,2025,0,0.0,1,1000.0,1,1000.0
新乡市,2015,0,0.0,0,0.0,0,0.0
新乡市,2016,1,37000.0,1,37000.0,1,37000.0
新乡市,2017,1,250.0,2,37250.0,2,37250.0
新乡市,2018,4,3618.5,6,40868.5,6,40868.5
新乡市,2019,1,100.0,7,40968.5,7,40968.5
新乡市,2020,2,800.0,9,41768.5,9,41768.5
新乡市,2021,3,2121.0,12,43889.5,11,6889.5
新乡市,2022,1,200.0,13,44089.5,11,6839.5
新乡市,2023,1,100.0,14,44189.5,8,3321.0
新乡市,2024,1,300.1,15,44489.6,8,3521.1
新乡市,2025,0,0.0,15,44489.6,6,2721.1
新余市,2015,0,0.0,0,0.0,0,0.0
新余市,2016,0,0.0,0,0.0,0,0.0
新余市,2017,0,0.0,0,0.0,0,0.0
新余市,2018,3,653.2901,3,653.2901,3,653.2901
新余市,2019,0,0.0,3,653.2901,3,653.2901
新余市,2020,2,1108.0,5,1761.2901,5,1761.2901
新余市,2021,1,100.1,6,1861.3901,6,1861.3901
新余市,2022,0,0.0,6,1861.3901,6,1861.3901
新余市,2023,0,0.0,6,1861.3901,3,1208.1
新余市,2024,0,0.0,6,1861.3901,3,1208.1
新余市,2025,1,3000.0,7,4861.3901,2,3100.1
无锡市,2015,1,,1,,1,
无锡市,2016,1,10010.0,2,,2,
无锡市,2017,3,1880.0,5,,5,
无锡市,2018,2,1255.0,7,,7,
无锡市,2019,8,19620.485,15,,15,
无锡市,2020,11,14603.2943,26,,25,47368.7793
无锡市,2021,10,14732.211,36,,34,52090.9903
无锡市,2022,24,133244.5954,60,,55,183455.5857
无锡市,2023,12,16272.5286,72,,65,198473.1143
无锡市,2024,21,25162.1,93,,78,204014.7293
无锡市,2025,5,10800.0,98,,72,200211.435
日照市,2015,0,0.0,0,0.0,0,0.0
日照市,2016,1,100.0,1,100.0,1,100.0
日照市,2017,0,0.0,1,100.0,1,100.0
日照市,2018,3,36500.0,4,36600.0,4,36600.0
日照市,2019,2,350.1,6,36950.1,6,36950.1
日照市,2020,1,100.0,7,37050.1,7,37050.1
日照市,2021,1,229.7,8,37279.8,7,37179.8
日照市,2022,2,1100.1,10,38379.9,9,38279.9
日照市,2023,3,450.2,13,38830.1,9,2230.1
日照市,2024,1,112.5,14,38942.6,8,1992.5
日照市,2025,0,0.0,14,38942.6,7,1892.5
昆明市,2015,1,100.0,1,100.0,1,100.0
昆明市,2016,6,6730.0,7,6830.0,7,6830.0
昆明市,2017,4,39440.0,11,46270.0,11,46270.0
昆明市,2018,1,2000.0,12,48270.0,12,48270.0
昆明市,2019,1,11601.0,13,59871.0,13,59871.0
昆明市,2020,4,2404.0,17,62275.0,16,62175.0
昆明市,2021,4,16110.4,21,78385.4,14,71555.4
昆明市,2022,6,12873.7638,27,91259.1638,16,44989.1638
昆明市,2023,2,149.0,29,91408.1638,17,43138.1638
昆明市,2024,1,102.0,30,91510.1638,17,31639.1638
昆明市,2025,1,500.0,31,92010.1638,14,29735.1638
昌吉回族自治州,2015,0,0.0,0,0.0,0,0.0
昌吉回族自治州,2016,1,2500.0,1,2500.0,1,2500.0
昌吉回族自治州,2017,1,600.2,2,3100.2,2,3100.2
昌吉回族自治州,2018,3,70.02,5,3170.22,5,3170.22
昌吉回族自治州,2019,1,100.0,6,3270.22,6,3270.22
昌吉回族自治州,2020,0,0.0,6,3270.22,6,3270.22
昌吉回族自治州,2021,1,300.0,7,3570.22,6,1070.22
昌吉回族自治州,2022,1,30.0,8,3600.22,6,500.02
昌吉回族自治州,2023,1,801.0,9,4401.22,4,1231.0
昌吉回族自治州,2024,1,200.5,10,4601.72,4,1331.5
昌吉回族自治州,2025,0,0.0,10,4601.72,4,1331.5
昭通市,2015,0,0.0,0,0.0,0,0.0
昭通市,2016,0,0.0,0,0.0,0,0.0
昭通市,2017,1,1115.567,1,1115.567,1,1115.567
昭通市,2018,1,8000.0,2,9115.567,2,9115.567
昭通市,2019,0,0.0,2,9115.567,2,9115.567
昭通市,2020,1,1001.0,3,10116.567,3,10116.567
昭通市,2021,0,0.0,3,10116.567,3,10116.567
昭通市,2022,0,0.0,3,10116.567,2,9001.0
昭通市,2023,1,10000.0,4,20116.567,2,11001.0
昭通市,2024,0,0.0,4,20116.567,2,11001.0
昭通市,2025,0,0.0,4,20116.567,1,10000.0
晋中市,2015,0,0.0,0,0.0,0,0.0
晋中市,2016,0,0.0,0,0.0,0,0.0
晋中市,2017,1,201.0,1,201.0,1,201.0
晋中市,2018,0,0.0,1,201.0,1,201.0
晋中市,2019,0,0.0,1,201.0,1,201.0
晋中市,2020,0,0.0,1,201.0,1,201.0
晋中市,2021,3,200.0,4,401.0,4,401.0
晋中市,2022,3,4834.0,7,5235.0,6,5034.0
晋中市,2023,2,230.0,9,5465.0,8,5264.0
晋中市,2024,1,2500.0,10,7965.0,9,7764.0
晋中市,2025,0,0.0,10,7965.0,9,7764.0
晋城市,2015,0,0.0,0,0.0,0,0.0
晋城市,2016,1,150.0,1,150.0,1,150.0
晋城市,2017,0,0.0,1,150.0,1,150.0
晋城市,2018,0,0.0,1,150.0,1,150.0
晋城市,2019,2,6000.0,3,6150.0,3,6150.0
晋城市,2020,1,601.0,4,6751.0,4,6751.0
晋城市,2021,2,10354.0,6,17105.0,5,16955.0
晋城市,2022,0,0.0,6,17105.0,5,16955.0
晋城市,2023,0,0.0,6,17105.0,5,16955.0
晋城市,2024,1,31.0,7,17136.0,4,10986.0
晋城市,2025,0,0.0,7,17136.0,3,10385.0
普洱市,2015,0,0.0,0,0.0,0,0.0
普洱市,2016,2,8750.0,2,8750.0,2,8750.0
普洱市,2017,0,0.0,2,8750.0,2,8750.0
普洱市,2018,0,0.0,2,8750.0,2,8750.0
普洱市,2019,0,0.0,2,8750.0,2,8750.0
普洱市,2020,0,0.0,2,8750.0,2,8750.0
普洱市,2021,0,0.0,2,8750.0,0,0.0
普洱市,2022,0,0.0,2,8750.0,0,0.0
普洱市,2023,0,0.0,2,8750.0,0,0.0
普洱市,2024,0,0.0,2,8750.0,0,0.0
普洱市,2025,0,0.0,2,8750.0,0,0.0
景德镇市,2015,0,0.0,0,0.0,0,0.0
景德镇市,2016,0,0.0,0,0.0,0,0.0
景德镇市,2017,0,0.0,0,0.0,0,0.0
景德镇市,2018,0,0.0,0,0.0,0,0.0
景德镇市,2019,0,0.0,0,0.0,0,0.0
景德镇市,2020,0,0.0,0,0.0,0,0.0
景德镇市,2021,0,0.0,0,0.0,0,0.0
景德镇市,2022,0,0.0,0,0.0,0,0.0
景德镇市,2023,2,1500.0,2,1500.0,2,1500.0
景德镇市,2024,0,0.0,2,1500.0,2,1500.0
景德镇市,2025,0,0.0,2,1500.0,2,1500.0
曲靖市,2015,0,0.0,0,0.0,0,0.0
曲靖市,2016,0,0.0,0,0.0,0,0.0
曲靖市,2017,1,10000.0,1,10000.0,1,10000.0
曲靖市,2018,0,0.0,1,10000.0,1,10000.0
曲靖市,2019,0,0.0,1,10000.0,1,10000.0
曲靖市,2020,0,0.0,1,10000.0,1,10000.0
曲靖市,2021,1,1000.0,2,11000.0,2,11000.0
曲靖市,2022,2,1001.0,4,12001.0,3,2001.0
曲靖市,2023,0,0.0,4,12001.0,3,2001.0
曲靖市,2024,0,0.0,4,12001.0,3,2001.0
曲靖市,2025,0,0.0,4,12001.0,3,2001.0
来宾市,2015,0,0.0,0,0.0,0,0.0
来宾市,2016,0,0.0,0,0.0,0,0.0
来宾市,2017,0,0.0,0,0.0,0,0.0
来宾市,2018,0,0.0,0,0.0,0,0.0
来宾市,2019,1,200.0,1,200.0,1,200.0
来宾市,2020,0,0.0,1,200.0,1,200.0
来宾市,2021,1,50.0,2,250.0,2,250.0
来宾市,2022,0,0.0,2,250.0,2,250.0
来宾市,2023,1,100.0,3,350.0,3,350.0
来宾市,2024,0,0.0,3,350.0,2,150.0
来宾市,2025,0,0.0,3,350.0,2,150.0
杭州市,2015,15,71233.9416,15,71233.9416,15,71233.9416
杭州市,2016,33,44556.1385,48,115790.0801,48,115790.0801
杭州市,2017,28,165337.4979,76,281127.578,76,281127.578
杭州市,2018,31,76297.0312,107,357424.6092,107,357424.6092
杭州市,2019,12,20468.548,119,377893.1572,119,377893.1572
杭州市,2020,22,86269.06,141,464162.2172,126,392928.2756
杭州市,2021,31,26914.34,172,491076.5572,124,375286.4771
杭州市,2022,44,51301.664,216,542378.2212,140,261250.6432
杭州市,2023,15,16016.3268,231,558394.548,124,200969.9388
杭州市,2024,22,38095.01,253,596489.558,134,218596.4008
杭州市,2025,9,3731.01,262,600220.568,121,136058.3508
枣庄市,2015,0,0.0,0,0.0,0,0.0
枣庄市,2016,1,500.0,1,500.0,1,500.0
枣庄市,2017,0,0.0,1,500.0,1,500.0
枣庄市,2018,1,200.0,2,700.0,2,700.0
枣庄市,2019,0,0.0,2,700.0,2,700.0
枣庄市,2020,1,227.5,3,927.5,3,927.5
枣庄市,2021,0,0.0,3,927.5,2,427.5
枣庄市,2022,1,200.0,4,1127.5,3,627.5
枣庄市,2023,0,0.0,4,1127.5,2,427.5
枣庄市,2024,1,10000.0,5,11127.5,3,10427.5
枣庄市,2025,1,2000.0,6,13127.5,3,12200.0
柳州市,2015,0,0.0,0,0.0,0,0.0
柳州市,2016,0,0.0,0,0.0,0,0.0
柳州市,2017,2,1331.0,2,1331.0,2,1331.0
柳州市,2018,2,4210.0,4,5541.0,4,5541.0
柳州市,2019,3,1300.0,7,6841.0,7,6841.0
柳州市,2020,3,3000.0,10,9841.0,10,9841.0
柳州市,2021,2,2500.1,12,12341.1,12,12341.1
柳州市,2022,1,500.1,13,12841.2,11,11510.2
柳州市,2023,4,7660.0,17,20501.2,13,14960.2
柳州市,2024,3,8131.0,20,28632.2,13,21791.2
柳州市,2025,0,0.0,20,28632.2,10,18791.2
株洲市,2015,0,0.0,0,0.0,0,0.0
株洲市,2016,1,500.0,1,500.0,1,500.0
株洲市,2017,1,300.0,2,800.0,2,800.0
株洲市,2018,3,850.0,5,1650.0,5,1650.0
株洲市,2019,2,2200.0,7,3850.0,7,3850.0
株洲市,2020,7,3511.0,14,7361.0,14,7361.0
株洲市,2021,4,1773.0,18,9134.0,17,8634.0
株洲市,2022,2,4315.0,20,13449.0,18,12649.0
株洲市,2023,2,20568.0,22,34017.0,17,32367.0
株洲市,2024,3,1290.0,25,35307.0,18,31457.0
株洲市,2025,1,100.0,26,35407.0,12,28046.0
桂林市,2015,0,0.0,0,0.0,0,0.0
桂林市,2016,1,2220.01,1,2220.01,1,2220.01
桂林市,2017,1,2556.01,2,4776.02,2,4776.02
桂林市,2018,0,0.0,2,4776.02,2,4776.02
桂林市,2019,1,1000.0,3,5776.02,3,5776.02
桂林市,2020,1,100.0,4,5876.02,4,5876.02
桂林市,2021,0,0.0,4,5876.02,3,3656.01
桂林市,2022,0,0.0,4,5876.02,2,1100.0
桂林市,2023,0,0.0,4,5876.02,2,1100.0
桂林市,2024,0,0.0,4,5876.02,1,100.0
桂林市,2025,0,0.0,4,5876.02,0,0.0
梅州市,2015,0,0.0,0,0.0,0,0.0
梅州市,2016,0,0.0,0,0.0,0,0.0
梅州市,2017,0,0.0,0,0.0,0,0.0
梅州市,2018,1,140.0,1,140.0,1,140.0
梅州市,2019,0,0.0,1,140.0,1,140.0
梅州市,2020,0,0.0,1,140.0,1,140.0
梅州市,2021,1,58.0,2,198.0,2,198.0
梅州市,2022,0,0.0,2,198.0,2,198.0
梅州市,2023,0,0.0,2,198.0,1,58.0
梅州市,2024,1,2500.0,3,2698.0,2,2558.0
梅州市,2025,0,0.0,3,2698.0,2,2558.0
梧州市,2015,0,0.0,0,0.0,0,0.0
梧州市,2016,0,0.0,0,0.0,0,0.0
梧州市,2017,0,0.0,0,0.0,0,0.0
梧州市,2018,0,0.0,0,0.0,0,0.0
梧州市,2019,0,0.0,0,0.0,0,0.0
梧州市,2020,1,200.0,1,200.0,1,200.0
梧州市,2021,0,0.0,1,200.0,1,200.0
梧州市,2022,1,5000.0,2,5200.0,2,5200.0
梧州市,2023,0,0.0,2,5200.0,2,5200.0
梧州市,2024,0,0.0,2,5200.0,2,5200.0
梧州市,2025,0,0.0,2,5200.0,1,5000.0
楚雄彝族自治州,2015,0,0.0,0,0.0,0,0.0
楚雄彝族自治州,2016,0,0.0,0,0.0,0,0.0
楚雄彝族自治州,2017,0,0.0,0,0.0,0,0.0
楚雄彝族自治州,2018,0,0.0,0,0.0,0,0.0
楚雄彝族自治州,2019,0,0.0,0,0.0,0,0.0
楚雄彝族自治州,2020,0,0.0,0,0.0,0,0.0
楚雄彝族自治州,2021,2,81.0,2,81.0,2,81.0
楚雄彝族自治州,2022,1,510.0,3,591.0,3,591.0
楚雄彝族自治州,2023,0,0.0,3,591.0,3,591.0
楚雄彝族自治州,2024,0,0.0,3,591.0,3,591.0
楚雄彝族自治州,2025,0,0.0,3,591.0,3,591.0
榆林市,2015,0,0.0,0,0.0,0,0.0
榆林市,2016,0,0.0,0,0.0,0,0.0
榆林市,2017,1,1000.0,1,1000.0,1,1000.0
榆林市,2018,2,150.0,3,1150.0,3,1150.0
榆林市,2019,3,10509.0,6,11659.0,6,11659.0
榆林市,2020,3,597.5,9,12256.5,9,12256.5
榆林市,2021,1,101.0,10,12357.5,10,12357.5
榆林市,2022,0,0.0,10,12357.5,9,11357.5
榆林市,2023,2,1300.0,12,13657.5,9,12507.5
榆林市,2024,0,0.0,12,13657.5,6,1998.5
榆林市,2025,1,1010.1,13,14667.6,4,2411.1
武汉市,2015,4,1401.3,4,1401.3,4,1401.3
武汉市,2016,14,27485.0,18,28886.3,18,28886.3
武汉市,2017,43,74744.195,61,103630.495,61,103630.495
武汉市,2018,34,92499.25,95,196129.745,95,196129.745
武汉市,2019,23,40209.9463,118,236339.6913,118,236339.6913
武汉市,2020,10,11012.01,128,247351.7013,124,245950.4013
武汉市,2021,16,63266.51,144,310618.2113,126,281731.9113
武汉市,2022,19,126661.3,163,437279.5113,102,333649.0163
武汉市,2023,30,70511.35,193,507790.8613,98,311661.1163
武汉市,2024,24,52786.133,217,560576.9943,99,324237.303
武汉市,2025,10,37393.0,227,597969.9943,99,350618.293
毕节市,2015,0,0.0,0,0.0,0,0.0
毕节市,2016,1,1764.75,1,1764.75,1,1764.75
毕节市,2017,1,2705.88,2,4470.63,2,4470.63
毕节市,2018,0,0.0,2,4470.63,2,4470.63
毕节市,2019,0,0.0,2,4470.63,2,4470.63
毕节市,2020,0,0.0,2,4470.63,2,4470.63
毕节市,2021,0,0.0,2,4470.63,1,2705.88
毕节市,2022,0,0.0,2,4470.63,0,0.0
毕节市,2023,0,0.0,2,4470.63,0,0.0
毕节市,2024,0,0.0,2,4470.63,0,0.0
毕节市,2025,0,0.0,2,4470.63,0,0.0
汉中市,2015,0,0.0,0,0.0,0,0.0
汉中市,2016,0,0.0,0,0.0,0,0.0
汉中市,2017,0,0.0,0,0.0,0,0.0
汉中市,2018,1,5000.0,1,5000.0,1,5000.0
汉中市,2019,0,0.0,1,5000.0,1,5000.0
汉中市,2020,0,0.0,1,5000.0,1,5000.0
汉中市,2021,0,0.0,1,5000.0,1,5000.0
汉中市,2022,0,0.0,1,5000.0,1,5000.0
汉中市,2023,0,0.0,1,5000.0,0,0.0
汉中市,2024,0,0.0,1,5000.0,0,0.0
汉中市,2025,0,0.0,1,5000.0,0,0.0
汕头市,2015,0,0.0,0,0.0,0,0.0
汕头市,2016,1,260.0,1,260.0,1,260.0
汕头市,2017,0,0.0,1,260.0,1,260.0
汕头市,2018,1,2500.0,2,2760.0,2,2760.0
汕头市,2019,2,802.0,4,3562.0,4,3562.0
汕头市,2020,0,0.0,4,3562.0,4,3562.0
汕头市,2021,0,0.0,4,3562.0,3,3302.0
汕头市,2022,0,0.0,4,3562.0,3,3302.0
汕头市,2023,0,0.0,4,3562.0,2,802.0
汕头市,2024,0,0.0,4,3562.0,0,0.0
汕头市,2025,0,0.0,4,3562.0,0,0.0
汕尾市,2015,0,0.0,0,0.0,0,0.0
汕尾市,2016,0,0.0,0,0.0,0,0.0
汕尾市,2017,0,0.0,0,0.0,0,0.0
汕尾市,2018,0,0.0,0,0.0,0,0.0
汕尾市,2019,1,300.0,1,300.0,1,300.0
汕尾市,2020,0,0.0,1,300.0,1,300.0
汕尾市,2021,1,8000.0,2,8300.0,2,8300.0
汕尾市,2022,1,40.2,3,8340.2,3,8340.2
汕尾市,2023,2,4000.0,5,12340.2,5,12340.2
汕尾市,2024,3,1020.0,8,13360.2,7,13060.2
汕尾市,2025,0,0.0,8,13360.2,7,13060.2
江门市,2015,0,0.0,0,0.0,0,0.0
江门市,2016,2,180.1,2,180.1,2,180.1
江门市,2017,6,10404.0,8,10584.1,8,10584.1
江门市,2018,2,1715.0,10,12299.1,10,12299.1
江门市,2019,3,226.3,13,12525.4,13,12525.4
江门市,2020,2,360.0,15,12885.4,15,12885.4
江门市,2021,2,204.3,17,13089.7,15,12909.6
江门市,2022,2,304.6,19,13394.3,11,2810.2
江门市,2023,0,0.0,19,13394.3,9,1095.2
江门市,2024,2,1300.0,21,14694.3,8,2168.9
江门市,2025,1,200.0,22,14894.3,7,2008.9
池州市,2015,2,100.0,2,100.0,2,100.0
池州市,2016,3,2954.6,5,3054.6,5,3054.6
池州市,2017,1,,6,,6,
池州市,2018,0,0.0,6,,6,
池州市,2019,2,1000.0,8,,8,
池州市,2020,1,1000.0,9,,7,
池州市,2021,1,400.0,10,,5,
池州市,2022,0,0.0,10,,4,2400.0
池州市,2023,1,735.0,11,,5,3135.0
池州市,2024,1,200.0,12,,4,2335.0
池州市,2025,0,0.0,12,,3,1335.0
沈阳市,2015,0,0.0,0,0.0,0,0.0
沈阳市,2016,5,10550.0,5,10550.0,5,10550.0
沈阳市,2017,6,5441.0,11,15991.0,11,15991.0
沈阳市,2018,2,12000.0,13,27991.0,13,27991.0
沈阳市,2019,3,5300.0,16,33291.0,16,33291.0
沈阳市,2020,7,5122.5618,23,38413.5618,23,38413.5618
沈阳市,2021,3,3233.0,26,41646.5618,21,31096.5618
沈阳市,2022,2,30000.0,28,71646.5618,17,55655.5618
沈阳市,2023,7,10926.0,35,82572.5618,22,54581.5618
沈阳市,2024,6,2100.0,41,84672.5618,25,51381.5618
沈阳市,2025,4,4538.0,45,89210.5618,22,50797.0
沧州市,2015,0,0.0,0,0.0,0,0.0
沧州市,2016,1,500.0,1,500.0,1,500.0
沧州市,2017,2,240.0,3,740.0,3,740.0
沧州市,2018,0,0.0,3,740.0,3,740.0
沧州市,2019,0,0.0,3,740.0,3,740.0
沧州市,2020,4,10470.3,7,11210.3,7,11210.3
沧州市,2021,1,500.0,8,11710.3,7,11210.3
沧州市,2022,1,100.0,9,11810.3,6,11070.3
沧州市,2023,0,0.0,9,11810.3,6,11070.3
沧州市,2024,0,0.0,9,11810.3,6,11070.3
沧州市,2025,0,0.0,9,11810.3,2,600.0
河池市,2015,0,0.0,0,0.0,0,0.0
河池市,2016,0,0.0,0,0.0,0,0.0
河池市,2017,0,0.0,0,0.0,0,0.0
河池市,2018,0,0.0,0,0.0,0,0.0
河池市,2019,0,0.0,0,0.0,0,0.0
河池市,2020,0,0.0,0,0.0,0,0.0
河池市,2021,0,0.0,0,0.0,0,0.0
河池市,2022,0,0.0,0,0.0,0,0.0
河池市,2023,1,500.0,1,500.0,1,500.0
河池市,2024,1,100.0,2,600.0,2,600.0
河池市,2025,0,0.0,2,600.0,2,600.0
河源市,2015,0,0.0,0,0.0,0,0.0
河源市,2016,0,0.0,0,0.0,0,0.0
河源市,2017,1,1000.0,1,1000.0,1,1000.0
河源市,2018,0,0.0,1,1000.0,1,1000.0
河源市,2019,1,800.0,2,1800.0,2,1800.0
河源市,2020,0,0.0,2,1800.0,2,1800.0
河源市,2021,0,0.0,2,1800.0,2,1800.0
河源市,2022,1,100.0,3,1900.0,2,900.0
河源市,2023,1,295.0,4,2195.0,3,1195.0
河源市,2024,0,0.0,4,2195.0,2,395.0
河源市,2025,0,0.0,4,2195.0,2,395.0
泉州市,2015,0,0.0,0,0.0,0,0.0
泉州市,2016,6,59021.01,6,59021.01,6,59021.01
泉州市,2017,5,10344.5,11,69365.51,11,69365.51
泉州市,2018,4,3800.11,15,73165.62,15,73165.62
泉州市,2019,3,12003.01,18,85168.63,18,85168.63
泉州市,2020,2,2200.0,20,87368.63,20,87368.63
泉州市,2021,4,2013.0,24,89381.63,18,30360.62
泉州市,2022,5,14154.01,29,103535.64,18,34170.13
泉州市,2023,9,13786.65,38,117322.29,23,44156.67
泉州市,2024,9,11002.53,47,128324.82,29,43156.19
泉州市,2025,3,1072.11,50,129396.93,30,42028.3
泰安市,2015,0,0.0,0,0.0,0,0.0
泰安市,2016,0,0.0,0,0.0,0,0.0
泰安市,2017,2,2000.02,2,2000.02,2,2000.02
泰安市,2018,0,0.0,2,2000.02,2,2000.02
泰安市,2019,0,0.0,2,2000.02,2,2000.02
泰安市,2020,0,0.0,2,2000.02,2,2000.02
泰安市,2021,1,1000.0,3,3000.02,3,3000.02
泰安市,2022,0,0.0,3,3000.02,1,1000.0
泰安市,2023,0,0.0,3,3000.02,1,1000.0
泰安市,2024,0,0.0,3,3000.02,1,1000.0
泰安市,2025,0,0.0,3,3000.02,1,1000.0
泰州市,2015,0,0.0,0,0.0,0,0.0
泰州市,2016,0,0.0,0,0.0,0,0.0
泰州市,2017,4,6800.0,4,6800.0,4,6800.0
泰州市,2018,11,3964.2,15,10764.2,15,10764.2
泰州市,2019,2,3001.0,17,13765.2,17,13765.2
泰州市,2020,3,3900.0,20,17665.2,20,17665.2
泰州市,2021,2,5300.0,22,22965.2,22,22965.2
泰州市,2022,5,6000.0,27,28965.2,23,22165.2
泰州市,2023,2,1200.0,29,30165.2,14,19401.0
泰州市,2024,2,605.0,31,30770.2,14,17005.0
泰州市,2025,0,0.0,31,30770.2,11,13105.0
泸州市,2015,0,0.0,0,0.0,0,0.0
泸州市,2016,0,0.0,0,0.0,0,0.0
泸州市,2017,2,728.36,2,728.36,2,728.36
泸州市,2018,3,1400.0,5,2128.36,5,2128.36
泸州市,2019,0,0.0,5,2128.36,5,2128.36
泸州市,2020,0,0.0,5,2128.36,5,2128.36
泸州市,2021,0,0.0,5,2128.36,5,2128.36
泸州市,2022,0,0.0,5,2128.36,3,1400.0
泸州市,2023,0,0.0,5,2128.36,0,0.0
泸州市,2024,1,5000.0,6,7128.36,1,5000.0
泸州市,2025,0,0.0,6,7128.36,1,5000.0
洛阳市,2015,0,0.0,0,0.0,0,0.0
洛阳市,2016,0,0.0,0,0.0,0,0.0
洛阳市,2017,2,10610.0,2,10610.0,2,10610.0
洛阳市,2018,2,400.0,4,11010.0,4,11010.0
洛阳市,2019,2,50400.0,6,61410.0,6,61410.0
洛阳市,2020,2,600.0,8,62010.0,8,62010.0
洛阳市,2021,4,10766.0,12,72776.0,12,72776.0
洛阳市,2022,5,1058.7,17,73834.7,15,63224.7
洛阳市,2023,3,1100.0,20,74934.7,16,63924.7
洛阳市,2024,4,4900.0,24,79834.7,18,18424.7
洛阳市,2025,2,354.0,26,80188.7,18,18178.7
济南市,2015,15,4992.5,15,4992.5,15,4992.5
济南市,2016,11,8962.0,26,13954.5,26,13954.5
济南市,2017,5,72000.0,31,85954.5,31,85954.5
济南市,2018,6,39942.01,37,125896.51,37,125896.51
济南市,2019,5,11208.0,42,137104.51,42,137104.51
济南市,2020,8,6375.32,50,143479.83,35,138487.33
济南市,2021,6,6481.1437,56,149960.9737,30,136006.4737
济南市,2022,14,7168.38,70,157129.3537,39,71174.8537
济南市,2023,18,24252.99,88,181382.3437,51,55485.8337
济南市,2024,17,18472.7,105,199855.0437,63,62750.5337
济南市,2025,0,0.0,105,199855.0437,55,56375.2137
济宁市,2015,0,0.0,0,0.0,0,0.0
济宁市,2016,4,2400.0,4,2400.0,4,2400.0
济宁市,2017,0,0.0,4,2400.0,4,2400.0
济宁市,2018,1,2500.0,5,4900.0,5,4900.0
济宁市,2019,1,131.8,6,5031.8,6,5031.8
济宁市,2020,0,0.0,6,5031.8,6,5031.8
济宁市,2021,0,0.0,6,5031.8,2,2631.8
济宁市,2022,2,2300.0,8,7331.8,4,4931.8
济宁市,2023,0,0.0,8,7331.8,3,2431.8
济宁市,2024,0,0.0,8,7331.8,2,2300.0
济宁市,2025,0,0.0,8,7331.8,2,2300.0
济源市,2015,0,0.0,0,0.0,0,0.0
济源市,2016,0,0.0,0,0.0,0,0.0
济源市,2017,0,0.0,0,0.0,0,0.0
济源市,2018,0,0.0,0,0.0,0,0.0
济源市,2019,0,0.0,0,0.0,0,0.0
济源市,2020,0,0.0,0,0.0,0,0.0
济源市,2021,0,0.0,0,0.0,0,0.0
济源市,2022,2,502.0,2,502.0,2,502.0
济源市,2023,1,2680.0,3,3182.0,3,3182.0
济源市,2024,0,0.0,3,3182.0,3,3182.0
济源市,2025,0,0.0,3,3182.0,3,3182.0
海口市,2015,1,,1,,1,
海口市,2016,1,1801.0,2,,2,
海口市,2017,2,20350.0,4,,4,
海口市,2018,0,0.0,4,,4,
海口市,2019,3,3800.0,7,,7,
海口市,2020,0,0.0,7,,6,25951.0
海口市,2021,1,100.0,8,,6,24250.0
海口市,2022,3,12072.0,11,,7,15972.0
海口市,2023,6,3220.8,17,,13,19192.8
海口市,2024,10,6700.0,27,,20,22092.8
海口市,2025,1,1000.0,28,,21,23092.8
海西蒙古族藏族自治州,2015,0,0.0,0,0.0,0,0.0
海西蒙古族藏族自治州,2016,0,0.0,0,0.0,0,0.0
海西蒙古族藏族自治州,2017,1,3001.0,1,3001.0,1,3001.0
海西蒙古族藏族自治州,2018,0,0.0,1,3001.0,1,3001.0
海西蒙古族藏族自治州,2019,0,0.0,1,3001.0,1,3001.0
海西蒙古族藏族自治州,2020,0,0.0,1,3001.0,1,3001.0
海西蒙古族藏族自治州,2021,0,0.0,1,3001.0,1,3001.0
海西蒙古族藏族自治州,2022,0,0.0,1,3001.0,0,0.0
海西蒙古族藏族自治州,2023,0,0.0,1,3001.0,0,0.0
海西蒙古族藏族自治州,2024,0,0.0,1,3001.0,0,0.0
海西蒙古族藏族自治州,2025,0,0.0,1,3001.0,0,0.0
淄博市,2015,1,1000.0,1,1000.0,1,1000.0
淄博市,2016,2,600.0,3,1600.0,3,1600.0
淄博市,2017,0,0.0,3,1600.0,3,1600.0
淄博市,2018,0,0.0,3,1600.0,3,1600.0
淄博市,2019,0,0.0,3,1600.0,3,1600.0
淄博市,2020,6,42000.0,9,43600.0,8,42600.0
淄博市,2021,3,1341.288,12,44941.288,9,43341.288
淄博市,2022,4,3680.0,16,48621.288,13,47021.288
淄博市,2023,2,3085.1,18,51706.388,15,50106.388
淄博市,2024,1,500.0,19,52206.388,16,50606.388
淄博市,2025,0,0.0,19,52206.388,10,8606.388
淮北市,2015,1,,1,,1,
淮北市,2016,2,401.0,3,,3,
淮北市,2017,1,500.0,4,,4,
淮北市,2018,0,0.0,4,,4,
淮北市,2019,5,4042.0,9,,9,
淮北市,2020,0,0.0,9,,8,4943.0
淮北市,2021,3,400.2,12,,9,4942.2
淮北市,2022,1,60.0,13,,9,4502.2
淮北市,2023,4,1100.0,17,,13,5602.2
淮北市,2024,2,2000.0,19,,10,3560.2
淮北市,2025,1,300.0,20,,11,3860.2
淮南市,2015,0,0.0,0,0.0,0,0.0
淮南市,2016,1,5000.0,1,5000.0,1,5000.0
淮南市,2017,3,6020.0,4,11020.0,4,11020.0
淮南市,2018,1,100.0,5,11120.0,5,11120.0
淮南市,2019,0,0.0,5,11120.0,5,11120.0
淮南市,2020,0,0.0,5,11120.0,5,11120.0
淮南市,2021,0,0.0,5,11120.0,4,6120.0
淮南市,2022,1,2000.0,6,13120.0,2,2100.0
淮南市,2023,1,1000.0,7,14120.0,2,3000.0
淮南市,2024,2,2050.0,9,16170.0,4,5050.0
淮南市,2025,0,0.0,9,16170.0,4,5050.0
淮安市,2015,0,0.0,0,0.0,0,0.0
淮安市,2016,0,0.0,0,0.0,0,0.0
淮安市,2017,0,0.0,0,0.0,0,0.0
淮安市,2018,5,8928.0,5,8928.0,5,8928.0
淮安市,2019,1,1000.0,6,9928.0,6,9928.0
淮安市,2020,2,3100.0,8,13028.0,8,13028.0
淮安市,2021,0,0.0,8,13028.0,8,13028.0
淮安市,2022,3,1300.0,11,14328.0,11,14328.0
淮安市,2023,1,150.0,12,14478.0,7,5550.0
淮安市,2024,2,261.0,14,14739.0,8,4811.0
淮安市,2025,1,300.0,15,15039.0,7,2011.0
深圳市,2015,6,6926.0,6,6926.0,6,6926.0
深圳市,2016,46,212565.1875,52,219491.1875,52,219491.1875
深圳市,2017,54,389472.53,106,608963.7175,106,608963.7175
深圳市,2018,67,269127.0178,173,878090.7353,173,878090.7353
深圳市,2019,56,137588.9261,229,1015679.6614,229,1015679.6614
深圳市,2020,47,87843.0909,276,1103522.7523,270,1096596.7523
深圳市,2021,45,56051.6624,321,1159574.4147,269,940083.2272
深圳市,2022,34,52163.956,355,1211738.3707,249,602774.6532
深圳市,2023,29,19465.2,384,1231203.5707,211,353112.8354
深圳市,2024,15,127749.5167,399,1358953.0874,170,343273.426
深圳市,2025,7,33700.0,406,1392653.0874,130,289130.3351
清远市,2015,0,0.0,0,0.0,0,0.0
清远市,2016,0,0.0,0,0.0,0,0.0
清远市,2017,0,0.0,0,0.0,0,0.0
清远市,2018,0,0.0,0,0.0,0,0.0
清远市,2019,0,0.0,0,0.0,0,0.0
清远市,2020,0,0.0,0,0.0,0,0.0
清远市,2021,0,0.0,0,0.0,0,0.0
清远市,2022,0,0.0,0,0.0,0,0.0
清远市,2023,1,600.0,1,600.0,1,600.0
清远市,2024,1,502.0,2,1102.0,2,1102.0
清远市,2025,0,0.0,2,1102.0,2,1102.0
温州市,2015,1,250.0,1,250.0,1,250.0
温州市,2016,3,2500.0,4,2750.0,4,2750.0
温州市,2017,3,10160.0,7,12910.0,7,12910.0
温州市,2018,7,12250.0,14,25160.0,14,25160.0
温州市,2019,1,1.0,15,25161.0,15,25161.0
温州市,2020,2,300.0,17,25461.0,16,25211.0
温州市,2021,4,900.0,21,26361.0,17,23611.0
温州市,2022,5,13500.0,26,39861.0,19,26951.0
温州市,2023,5,32300.0,31,72161.0,17,47001.0
温州市,2024,4,5200.0,35,77361.0,20,52200.0
温州市,2025,0,0.0,35,77361.0,18,51900.0
渭南市,2015,1,250.0,1,250.0,1,250.0
渭南市,2016,5,912.2,6,1162.2,6,1162.2
渭南市,2017,5,243.1,11,1405.3,11,1405.3
渭南市,2018,1,601.0,12,2006.3,12,2006.3
渭南市,2019,2,1431.7,14,3438.0,14,3438.0
渭南市,2020,0,0.0,14,3438.0,13,3188.0
渭南市,2021,0,0.0,14,3438.0,8,2275.8
渭南市,2022,0,0.0,14,3438.0,3,2032.7
渭南市,2023,0,0.0,14,3438.0,2,1431.7
渭南市,2024,0,0.0,14,3438.0,0,0.0
渭南市,2025,0,0.0,14,3438.0,0,0.0
湖州市,2015,1,,1,,1,
湖州市,2016,3,5080.0,4,,4,
湖州市,2017,2,10650.0,6,,6,
湖州市,2018,7,4375.949,13,,13,
湖州市,2019,6,2098.83,19,,19,
湖州市,2020,1,500.0,20,,19,22704.779
湖州市,2021,14,4571.4,34,,30,22196.179
湖州市,2022,13,5228.81,47,,41,16774.989
湖州市,2023,19,9924.25,66,,53,22323.29
湖州市,2024,21,13603.51,87,,68,33827.97
湖州市,2025,0,0.0,87,,67,33327.97
湘潭市,2015,0,0.0,0,0.0,0,0.0
湘潭市,2016,2,3750.0,2,3750.0,2,3750.0
湘潭市,2017,2,5000.0,4,8750.0,4,8750.0
湘潭市,2018,1,1000.0,5,9750.0,5,9750.0
湘潭市,2019,4,8770.71,9,18520.71,9,18520.71
湘潭市,2020,1,2265.0,10,20785.71,10,20785.71
湘潭市,2021,0,0.0,10,20785.71,8,17035.71
湘潭市,2022,1,5002.0,11,25787.71,7,17037.71
湘潭市,2023,2,1580.0,13,27367.71,8,17617.71
湘潭市,2024,0,0.0,13,27367.71,4,8847.0
湘潭市,2025,0,0.0,13,27367.71,3,6582.0
湛江市,2015,0,0.0,0,0.0,0,0.0
湛江市,2016,1,319.41,1,319.41,1,319.41
湛江市,2017,0,0.0,1,319.41,1,319.41
湛江市,2018,0,0.0,1,319.41,1,319.41
湛江市,2019,0,0.0,1,319.41,1,319.41
湛江市,2020,0,0.0,1,319.41,1,319.41
湛江市,2021,0,0.0,1,319.41,0,0.0
湛江市,2022,0,0.0,1,319.41,0,0.0
湛江市,2023,0,0.0,1,319.41,0,0.0
湛江市,2024,2,5501.0,3,5820.41,2,5501.0
湛江市,2025,0,0.0,3,5820.41,2,5501.0
滁州市,2015,0,0.0,0,0.0,0,0.0
滁州市,2016,1,290.0,1,290.0,1,290.0
滁州市,2017,2,190.0,3,480.0,3,480.0
滁州市,2018,1,100.0,4,580.0,4,580.0
滁州市,2019,2,801.5,6,1381.5,6,1381.5
滁州市,2020,1,500.0,7,1881.5,7,1881.5
滁州市,2021,3,679.7,10,2561.2,9,2271.2
滁州市,2022,4,12200.0,14,14761.2,11,14281.2
滁州市,2023,5,3000.0,19,17761.2,15,17181.2
滁州市,2024,9,5360.0,28,23121.2,22,21739.7
滁州市,2025,2,5500.0,30,28621.2,23,26739.7
滨州市,2015,1,34.5,1,34.5,1,34.5
滨州市,2016,0,0.0,1,34.5,1,34.5
滨州市,2017,0,0.0,1,34.5,1,34.5
滨州市,2018,2,4000.0,3,4034.5,3,4034.5
滨州市,2019,1,,4,,4,
滨州市,2020,1,5000.0,5,,4,
滨州市,2021,0,0.0,5,,4,
滨州市,2022,0,0.0,5,,4,
滨州市,2023,0,0.0,5,,2,
滨州市,2024,0,0.0,5,,1,5000.0
滨州市,2025,0,0.0,5,,0,0.0
漯河市,2015,0,0.0,0,0.0,0,0.0
漯河市,2016,1,1000.0,1,1000.0,1,1000.0
漯河市,2017,0,0.0,1,1000.0,1,1000.0
漯河市,2018,0,0.0,1,1000.0,1,1000.0
漯河市,2019,0,0.0,1,1000.0,1,1000.0
漯河市,2020,0,0.0,1,1000.0,1,1000.0
漯河市,2021,0,0.0,1,1000.0,0,0.0
漯河市,2022,1,880.0,2,1880.0,1,880.0
漯河市,2023,1,500.0,3,2380.0,2,1380.0
漯河市,2024,0,0.0,3,2380.0,2,1380.0
漯河市,2025,0,0.0,3,2380.0,2,1380.0
漳州市,2015,0,0.0,0,0.0,0,0.0
漳州市,2016,5,8410.95,5,8410.95,5,8410.95
漳州市,2017,3,10435.0,8,18845.95,8,18845.95
漳州市,2018,2,94.7,10,18940.65,10,18940.65
漳州市,2019,1,240.0,11,19180.65,11,19180.65
漳州市,2020,1,200.0,12,19380.65,12,19380.65
漳州市,2021,0,0.0,12,19380.65,7,10969.7
漳州市,2022,0,0.0,12,19380.65,4,534.7
漳州市,2023,1,1000.0,13,20380.65,3,1440.0
漳州市,2024,1,668.0,14,21048.65,3,1868.0
漳州市,2025,0,0.0,14,21048.65,2,1668.0
潍坊市,2015,4,1605.1,4,1605.1,4,1605.1
潍坊市,2016,3,3500.0,7,5105.1,7,5105.1
潍坊市,2017,0,0.0,7,5105.1,7,5105.1
潍坊市,2018,2,62000.0,9,67105.1,9,67105.1
潍坊市,2019,1,200.1,10,67305.2,10,67305.2
潍坊市,2020,3,1100.0,13,68405.2,9,66800.1
潍坊市,2021,2,2305.0,15,70710.2,8,65605.1
潍坊市,2022,0,0.0,15,70710.2,8,65605.1
潍坊市,2023,1,35.0,16,70745.2,7,3640.1
潍坊市,2024,1,3000.0,17,73745.2,7,6440.0
潍坊市,2025,0,0.0,17,73745.2,4,5340.0
濮阳市,2015,0,0.0,0,0.0,0,0.0
濮阳市,2016,1,1000.0,1,1000.0,1,1000.0
濮阳市,2017,0,0.0,1,1000.0,1,1000.0
濮阳市,2018,1,500.0,2,1500.0,2,1500.0
濮阳市,2019,1,303.0,3,1803.0,3,1803.0
濮阳市,2020,0,0.0,3,1803.0,3,1803.0
濮阳市,2021,1,211.0,4,2014.0,3,1014.0
濮阳市,2022,1,182.0,5,2196.0,4,1196.0
濮阳市,2023,1,1000.0,6,3196.0,4,1696.0
濮阳市,2024,0,0.0,6,3196.0,3,1393.0
濮阳市,2025,0,0.0,6,3196.0,3,1393.0
烟台市,2015,2,1000.0,2,1000.0,2,1000.0
烟台市,2016,5,8915.029,7,9915.029,7,9915.029
烟台市,2017,2,5963.51,9,15878.539,9,15878.539
烟台市,2018,2,1500.0,11,17378.539,11,17378.539
烟台市,2019,1,30000.0,12,47378.539,12,47378.539
烟台市,2020,2,4160.75,14,51539.289,12,50539.289
烟台市,2021,1,4000.0,15,55539.289,8,45624.26
烟台市,2022,1,210.0,16,55749.289,7,39870.75
烟台市,2023,1,500.0,17,56249.289,6,38870.75
烟台市,2024,1,500.0,18,56749.289,6,9370.75
烟台市,2025,0,0.0,18,56749.289,4,5210.0
焦作市,2015,0,0.0,0,0.0,0,0.0
焦作市,2016,0,0.0,0,0.0,0,0.0
焦作市,2017,2,10250.0,2,10250.0,2,10250.0
焦作市,2018,0,0.0,2,10250.0,2,10250.0
焦作市,2019,0,0.0,2,10250.0,2,10250.0
焦作市,2020,1,1000.0,3,11250.0,3,11250.0
焦作市,2021,0,0.0,3,11250.0,3,11250.0
焦作市,2022,1,2500.0,4,13750.0,2,3500.0
焦作市,2023,2,2998.0,6,16748.0,4,6498.0
焦作市,2024,0,0.0,6,16748.0,4,6498.0
焦作市,2025,0,0.0,6,16748.0,3,5498.0
牡丹江市,2015,0,0.0,0,0.0,0,0.0
牡丹江市,2016,0,0.0,0,0.0,0,0.0
牡丹江市,2017,0,0.0,0,0.0,0,0.0
牡丹江市,2018,0,0.0,0,0.0,0,0.0
牡丹江市,2019,0,0.0,0,0.0,0,0.0
牡丹江市,2020,0,0.0,0,0.0,0,0.0
牡丹江市,2021,0,0.0,0,0.0,0,0.0
牡丹江市,2022,0,0.0,0,0.0,0,0.0
牡丹江市,2023,0,0.0,0,0.0,0,0.0
牡丹江市,2024,1,200.0,1,200.0,1,200.0
牡丹江市,2025,0,0.0,1,200.0,1,200.0
玉林市,2015,0,0.0,0,0.0,0,0.0
玉林市,2016,0,0.0,0,0.0,0,0.0
玉林市,2017,0,0.0,0,0.0,0,0.0
玉林市,2018,1,3000.0,1,3000.0,1,3000.0
玉林市,2019,0,0.0,1,3000.0,1,3000.0
玉林市,2020,0,0.0,1,3000.0,1,3000.0
玉林市,2021,0,0.0,1,3000.0,1,3000.0
玉林市,2022,0,0.0,1,3000.0,1,3000.0
玉林市,2023,0,0.0,1,3000.0,0,0.0
玉林市,2024,0,0.0,1,3000.0,0,0.0
玉林市,2025,0,0.0,1,3000.0,0,0.0
玉溪市,2015,0,0.0,0,0.0,0,0.0
玉溪市,2016,0,0.0,0,0.0,0,0.0
玉溪市,2017,0,0.0,0,0.0,0,0.0
玉溪市,2018,0,0.0,0,0.0,0,0.0
玉溪市,2019,0,0.0,0,0.0,0,0.0
玉溪市,2020,0,0.0,0,0.0,0,0.0
玉溪市,2021,1,141.4,1,141.4,1,141.4
玉溪市,2022,0,0.0,1,141.4,1,141.4
玉溪市,2023,0,0.0,1,141.4,1,141.4
玉溪市,2024,0,0.0,1,141.4,1,141.4
玉溪市,2025,0,0.0,1,141.4,1,141.4
珠海市,2015,0,0.0,0,0.0,0,0.0
珠海市,2016,10,87962.75,10,87962.75,10,87962.75
珠海市,2017,11,43479.5992,21,131442.3492,21,131442.3492
珠海市,2018,23,95541.8553,44,226984.2045,44,226984.2045
珠海市,2019,14,7415.6132,58,234399.8177,58,234399.8177
珠海市,2020,5,11140.0,63,245539.8177,63,245539.8177
珠海市,2021,10,9269.0296,73,254808.8473,63,166846.0973
珠海市,2022,8,16459.7846,81,271268.6319,60,139826.2827
珠海市,2023,5,2580.0,86,273848.6319,42,46864.4274
珠海市,2024,6,16101.01,92,289949.6419,34,55549.8242
珠海市,2025,2,1150.0,94,291099.6419,31,45559.8242
琼海市,2015,0,0.0,0,0.0,0,0.0
琼海市,2016,0,0.0,0,0.0,0,0.0
琼海市,2017,0,0.0,0,0.0,0,0.0
琼海市,2018,0,0.0,0,0.0,0,0.0
琼海市,2019,0,0.0,0,0.0,0,0.0
琼海市,2020,0,0.0,0,0.0,0,0.0
琼海市,2021,0,0.0,0,0.0,0,0.0
琼海市,2022,0,0.0,0,0.0,0,0.0
琼海市,2023,0,0.0,0,0.0,0,0.0
琼海市,2024,1,500.0,1,500.0,1,500.0
琼海市,2025,0,0.0,1,500.0,1,500.0
百色市,2015,0,0.0,0,0.0,0,0.0
百色市,2016,1,20000.0,1,20000.0,1,20000.0
百色市,2017,1,2000.0,2,22000.0,2,22000.0
百色市,2018,0,0.0,2,22000.0,2,22000.0
百色市,2019,0,0.0,2,22000.0,2,22000.0
百色市,2020,0,0.0,2,22000.0,2,22000.0
百色市,2021,0,0.0,2,22000.0,1,2000.0
百色市,2022,0,0.0,2,22000.0,0,0.0
百色市,2023,0,0.0,2,22000.0,0,0.0
百色市,2024,1,4000.0,3,26000.0,1,4000.0
百色市,2025,0,0.0,3,26000.0,1,4000.0
益阳市,2015,1,300.0,1,300.0,1,300.0
益阳市,2016,0,0.0,1,300.0,1,300.0
益阳市,2017,0,0.0,1,300.0,1,300.0
益阳市,2018,0,0.0,1,300.0,1,300.0
益阳市,2019,0,0.0,1,300.0,1,300.0
益阳市,2020,1,1000.0,2,1300.0,1,1000.0
益阳市,2021,0,0.0,2,1300.0,1,1000.0
益阳市,2022,0,0.0,2,1300.0,1,1000.0
益阳市,2023,0,0.0,2,1300.0,1,1000.0
益阳市,2024,0,0.0,2,1300.0,1,1000.0
益阳市,2025,0,0.0,2,1300.0,0,0.0
盐城市,2015,0,0.0,0,0.0,0,0.0
盐城市,2016,5,4206.31,5,4206.31,5,4206.31
盐城市,2017,8,6959.7278,13,11166.0378,13,11166.0378
盐城市,2018,5,4748.5,18,15914.5378,18,15914.5378
盐城市,2019,8,4921.1,26,20835.6378,26,20835.6378
盐城市,2020,4,1212.01,30,22047.6478,30,22047.6478
盐城市,2021,2,1500.0,32,23547.6478,27,19341.3378
盐城市,2022,6,23210.0,38,46757.6478,25,35591.61
盐城市,2023,7,20600.1,45,67357.7478,27,51443.21
盐城市,2024,4,3575.0,49,70932.7478,23,50097.11
盐城市,2025,0,0.0,49,70932.7478,19,48885.1
盘锦市,2015,0,0.0,0,0.0,0,0.0
盘锦市,2016,1,1000.0,1,1000.0,1,1000.0
盘锦市,2017,1,254.0,2,1254.0,2,1254.0
盘锦市,2018,0,0.0,2,1254.0,2,1254.0
盘锦市,2019,0,0.0,2,1254.0,2,1254.0
盘锦市,2020,0,0.0,2,1254.0,2,1254.0
盘锦市,2021,0,0.0,2,1254.0,1,254.0
盘锦市,2022,0,0.0,2,1254.0,0,0.0
盘锦市,2023,0,0.0,2,1254.0,0,0.0
盘锦市,2024,0,0.0,2,1254.0,0,0.0
盘锦市,2025,0,0.0,2,1254.0,0,0.0
眉山市,2015,0,0.0,0,0.0,0,0.0
眉山市,2016,0,0.0,0,0.0,0,0.0
眉山市,2017,0,0.0,0,0.0,0,0.0
眉山市,2018,1,2576.1,1,2576.1,1,2576.1
眉山市,2019,1,7000.0,2,9576.1,2,9576.1
眉山市,2020,3,5132.1,5,14708.2,5,14708.2
眉山市,2021,0,0.0,5,14708.2,5,14708.2
眉山市,2022,6,25891.3,11,40599.5,11,40599.5
眉山市,2023,2,1102.0,13,41701.5,12,39125.4
眉山市,2024,1,5000.0,14,46701.5,12,37125.4
眉山市,2025,1,50.05,15,46751.55,10,32043.35
石家庄市,2015,3,5350.0,3,5350.0,3,5350.0
石家庄市,2016,6,5923.25,9,11273.25,9,11273.25
石家庄市,2017,4,17700.0,13,28973.25,13,28973.25
石家庄市,2018,2,1281.06,15,30254.31,15,30254.31
石家庄市,2019,1,200.0,16,30454.31,16,30454.31
石家庄市,2020,1,,17,,14,
石家庄市,2021,1,140.0,18,,9,
石家庄市,2022,3,39000.0,21,,8,
石家庄市,2023,3,3335.0,24,,9,
石家庄市,2024,5,3974.0,29,,13,
石家庄市,2025,0,0.0,29,,12,46449.0
石河子市,2015,0,0.0,0,0.0,0,0.0
石河子市,2016,0,0.0,0,0.0,0,0.0
石河子市,2017,0,0.0,0,0.0,0,0.0
石河子市,2018,0,0.0,0,0.0,0,0.0
石河子市,2019,0,0.0,0,0.0,0,0.0
石河子市,2020,0,0.0,0,0.0,0,0.0
石河子市,2021,0,0.0,0,0.0,0,0.0
石河子市,2022,0,0.0,0,0.0,0,0.0
石河子市,2023,1,2000.0,1,2000.0,1,2000.0
石河子市,2024,3,1106.0,4,3106.0,4,3106.0
石河子市,2025,1,400.0,5,3506.0,5,3506.0
福州市,2015,1,10000.0,1,10000.0,1,10000.0
福州市,2016,10,20503.0,11,30503.0,11,30503.0
福州市,2017,8,48052.44,19,78555.44,19,78555.44
福州市,2018,5,4645.01,24,83200.45,24,83200.45
福州市,2019,6,2373.4082,30,85573.8582,30,85573.8582
福州市,2020,6,9431.0,36,95004.8582,35,85004.8582
福州市,2021,5,4800.0,41,99804.8582,30,69301.8582
福州市,2022,4,3470.0,45,103274.8582,26,24719.4182
福州市,2023,8,5130.9,53,108405.7582,29,25205.3082
福州市,2024,6,11766.5,59,120172.2582,29,34598.4
福州市,2025,1,500.0,60,120672.2582,24,25667.4
秦皇岛市,2015,0,0.0,0,0.0,0,0.0
秦皇岛市,2016,0,0.0,0,0.0,0,0.0
秦皇岛市,2017,0,0.0,0,0.0,0,0.0
秦皇岛市,2018,1,3000.0,1,3000.0,1,3000.0
秦皇岛市,2019,0,0.0,1,3000.0,1,3000.0
秦皇岛市,2020,0,0.0,1,3000.0,1,3000.0
秦皇岛市,2021,0,0.0,1,3000.0,1,3000.0
秦皇岛市,2022,0,0.0,1,3000.0,1,3000.0
秦皇岛市,2023,2,2000.0,3,5000.0,2,2000.0
秦皇岛市,2024,2,1100.0,5,6100.0,4,3100.0
秦皇岛市,2025,0,0.0,5,6100.0,4,3100.0
红河哈尼族彝族自治州,2015,0,0.0,0,0.0,0,0.0
红河哈尼族彝族自治州,2016,0,0.0,0,0.0,0,0.0
红河哈尼族彝族自治州,2017,1,5001.5,1,5001.5,1,5001.5
红河哈尼族彝族自治州,2018,0,0.0,1,5001.5,1,5001.5
红河哈尼族彝族自治州,2019,0,0.0,1,5001.5,1,5001.5
红河哈尼族彝族自治州,2020,0,0.0,1,5001.5,1,5001.5
红河哈尼族彝族自治州,2021,0,0.0,1,5001.5,1,5001.5
红河哈尼族彝族自治州,2022,0,0.0,1,5001.5,0,0.0
红河哈尼族彝族自治州,2023,1,1001.0,2,6002.5,1,1001.0
红河哈尼族彝族自治州,2024,0,0.0,2,6002.5,1,1001.0
红河哈尼族彝族自治州,2025,0,0.0,2,6002.5,1,1001.0
绍兴市,2015,2,1050.0,2,1050.0,2,1050.0
绍兴市,2016,13,16348.5005,15,17398.5005,15,17398.5005
绍兴市,2017,5,2514.1,20,19912.6005,20,19912.6005
绍兴市,2018,7,4065.65,27,23978.2505,27,23978.2505
绍兴市,2019,2,1050.0,29,25028.2505,29,25028.2505
绍兴市,2020,6,15260.01,35,40288.2605,33,39238.2605
绍兴市,2021,7,28021.8,42,68310.0605,27,50911.56
绍兴市,2022,11,21038.01,53,89348.0705,33,69435.47
绍兴市,2023,4,7766.0,57,97114.0705,30,73135.82
绍兴市,2024,6,11900.0,63,109014.0705,34,83985.82
绍兴市,2025,1,2000.0,64,111014.0705,29,70725.81
绵阳市,2015,0,0.0,0,0.0,0,0.0
绵阳市,2016,3,2340.0,3,2340.0,3,2340.0
绵阳市,2017,4,19581.0,7,21921.0,7,21921.0
绵阳市,2018,1,400.0,8,22321.0,8,22321.0
绵阳市,2019,1,1500.0,9,23821.0,9,23821.0
绵阳市,2020,0,0.0,9,23821.0,9,23821.0
绵阳市,2021,1,1115.0,10,24936.0,7,22596.0
绵阳市,2022,1,5010.0,11,29946.0,4,8025.0
绵阳市,2023,3,1637.0,14,31583.0,6,9262.0
绵阳市,2024,1,51.5,15,31634.5,6,7813.5
绵阳市,2025,0,0.0,15,31634.5,6,7813.5
聊城市,2015,1,,1,,1,
聊城市,2016,0,0.0,1,,1,
聊城市,2017,0,0.0,1,,1,
聊城市,2018,1,1000.0,2,,2,
聊城市,2019,0,0.0,2,,2,
聊城市,2020,0,0.0,2,,1,1000.0
聊城市,2021,0,0.0,2,,1,1000.0
聊城市,2022,0,0.0,2,,1,1000.0
聊城市,2023,0,0.0,2,,0,0.0
聊城市,2024,0,0.0,2,,0,0.0
聊城市,2025,0,0.0,2,,0,0.0
肇庆市,2015,0,0.0,0,0.0,0,0.0
肇庆市,2016,0,0.0,0,0.0,0,0.0
肇庆市,2017,1,424.4228,1,424.4228,1,424.4228
肇庆市,2018,1,1000.0,2,1424.4228,2,1424.4228
肇庆市,2019,2,200.0,4,1624.4228,4,1624.4228
肇庆市,2020,1,501.0,5,2125.4228,5,2125.4228
肇庆市,2021,1,200.0,6,2325.4228,6,2325.4228
肇庆市,2022,0,0.0,6,2325.4228,5,1901.0
肇庆市,2023,0,0.0,6,2325.4228,4,901.0
肇庆市,2024,1,501.0,7,2826.4228,3,1202.0
肇庆市,2025,0,0.0,7,2826.4228,2,701.0
自贡市,2015,0,0.0,0,0.0,0,0.0
自贡市,2016,1,240.0,1,240.0,1,240.0
自贡市,2017,0,0.0,1,240.0,1,240.0
自贡市,2018,1,2000.0,2,2240.0,2,2240.0
自贡市,2019,0,0.0,2,2240.0,2,2240.0
自贡市,2020,0,0.0,2,2240.0,2,2240.0
自贡市,2021,0,0.0,2,2240.0,1,2000.0
自贡市,2022,0,0.0,2,2240.0,1,2000.0
自贡市,2023,0,0.0,2,2240.0,0,0.0
自贡市,2024,1,5000.0,3,7240.0,1,5000.0
自贡市,2025,0,0.0,3,7240.0,1,5000.0
舟山市,2015,0,0.0,0,0.0,0,0.0
舟山市,2016,1,10000.0,1,10000.0,1,10000.0
舟山市,2017,1,1000.0,2,11000.0,2,11000.0
舟山市,2018,0,0.0,2,11000.0,2,11000.0
舟山市,2019,0,0.0,2,11000.0,2,11000.0
舟山市,2020,0,0.0,2,11000.0,2,11000.0
舟山市,2021,0,0.0,2,11000.0,1,1000.0
舟山市,2022,0,0.0,2,11000.0,0,0.0
舟山市,2023,2,3000.0,4,14000.0,2,3000.0
舟山市,2024,1,8000.0,5,22000.0,3,11000.0
舟山市,2025,0,0.0,5,22000.0,3,11000.0
芜湖市,2015,0,0.0,0,0.0,0,0.0
芜湖市,2016,13,13777.54,13,13777.54,13,13777.54
芜湖市,2017,18,46529.7982,31,60307.3382,31,60307.3382
芜湖市,2018,11,32399.09,42,92706.4282,42,92706.4282
芜湖市,2019,2,1303.0,44,94009.4282,44,94009.4282
芜湖市,2020,1,100.0,45,94109.4282,45,94109.4282
芜湖市,2021,10,6370.02,55,100479.4482,42,86701.9082
芜湖市,2022,12,20789.0,67,121268.4482,36,60961.11
芜湖市,2023,15,15491.4673,82,136759.9155,40,44053.4873
芜湖市,2024,16,17053.0,98,153812.9155,54,59803.4873
芜湖市,2025,0,0.0,98,153812.9155,53,59703.4873
苏州市,2015,3,851.0,3,851.0,3,851.0
苏州市,2016,24,26855.3758,27,27706.3758,27,27706.3758
苏州市,2017,45,57702.7162,72,85409.092,72,85409.092
苏州市,2018,62,135659.9877,134,221069.0797,134,221069.0797
苏州市,2019,36,39088.6789,170,260157.7586,170,260157.7586
苏州市,2020,36,24127.8285,206,284285.5871,203,283434.5871
苏州市,2021,84,111393.4316,290,395679.0187,263,367972.6429
苏州市,2022,99,90500.7244,389,486179.7431,317,400770.6511
苏州市,2023,42,41086.64,431,527266.3831,297,306197.3034
苏州市,2024,27,41778.1,458,569044.4831,288,308886.7245
苏州市,2025,3,22010.0,461,591054.4831,255,306768.896
茂名市,2015,0,0.0,0,0.0,0,0.0
茂名市,2016,0,0.0,0,0.0,0,0.0
茂名市,2017,0,0.0,0,0.0,0,0.0
茂名市,2018,0,0.0,0,0.0,0,0.0
茂名市,2019,0,0.0,0,0.0,0,0.0
茂名市,2020,0,0.0,0,0.0,0,0.0
茂名市,2021,1,500.0,1,500.0,1,500.0
茂名市,2022,0,0.0,1,500.0,1,500.0
茂名市,2023,0,0.0,1,500.0,1,500.0
茂名市,2024,0,0.0,1,500.0,1,500.0
茂名市,2025,0,0.0,1,500.0,1,500.0
荆州市,2015,0,0.0,0,0.0,0,0.0
荆州市,2016,0,0.0,0,0.0,0,0.0
荆州市,2017,3,1305.0,3,1305.0,3,1305.0
荆州市,2018,0,0.0,3,1305.0,3,1305.0
荆州市,2019,0,0.0,3,1305.0,3,1305.0
荆州市,2020,1,500.0,4,1805.0,4,1805.0
荆州市,2021,0,0.0,4,1805.0,4,1805.0
荆州市,2022,0,0.0,4,1805.0,1,500.0
荆州市,2023,0,0.0,4,1805.0,1,500.0
荆州市,2024,0,0.0,4,1805.0,1,500.0
荆州市,2025,0,0.0,4,1805.0,0,0.0
荆门市,2015,1,1000.0,1,1000.0,1,1000.0
荆门市,2016,4,1630.0,5,2630.0,5,2630.0
荆门市,2017,0,0.0,5,2630.0,5,2630.0
荆门市,2018,0,0.0,5,2630.0,5,2630.0
荆门市,2019,0,0.0,5,2630.0,5,2630.0
荆门市,2020,0,0.0,5,2630.0,4,1630.0
荆门市,2021,0,0.0,5,2630.0,0,0.0
荆门市,2022,1,303.0,6,2933.0,1,303.0
荆门市,2023,0,0.0,6,2933.0,1,303.0
荆门市,2024,0,0.0,6,2933.0,1,303.0
荆门市,2025,0,0.0,6,2933.0,1,303.0
莆田市,2015,0,0.0,0,0.0,0,0.0
莆田市,2016,0,0.0,0,0.0,0,0.0
莆田市,2017,4,15500.0,4,15500.0,4,15500.0
莆田市,2018,0,0.0,4,15500.0,4,15500.0
莆田市,2019,0,0.0,4,15500.0,4,15500.0
莆田市,2020,0,0.0,4,15500.0,4,15500.0
莆田市,2021,2,443.3228,6,15943.3228,6,15943.3228
莆田市,2022,0,0.0,6,15943.3228,2,443.3228
莆田市,2023,2,258.0,8,16201.3228,4,701.3228
莆田市,2024,1,250.0,9,16451.3228,5,951.3228
莆田市,2025,0,0.0,9,16451.3228,5,951.3228
菏泽市,2015,0,0.0,0,0.0,0,0.0
菏泽市,2016,0,0.0,0,0.0,0,0.0
菏泽市,2017,0,0.0,0,0.0,0,0.0
菏泽市,2018,0,0.0,0,0.0,0,0.0
菏泽市,2019,2,2750.0,2,2750.0,2,2750.0
菏泽市,2020,0,0.0,2,2750.0,2,2750.0
菏泽市,2021,0,0.0,2,2750.0,2,2750.0
菏泽市,2022,3,1561.0,5,4311.0,5,4311.0
菏泽市,2023,3,1361.0,8,5672.0,8,5672.0
菏泽市,2024,0,0.0,8,5672.0,6,2922.0
菏泽市,2025,0,0.0,8,5672.0,6,2922.0
萍乡市,2015,0,0.0,0,0.0,0,0.0
萍乡市,2016,0,0.0,0,0.0,0,0.0
萍乡市,2017,2,1500.0,2,1500.0,2,1500.0
萍乡市,2018,3,11501.0,5,13001.0,5,13001.0
萍乡市,2019,0,0.0,5,13001.0,5,13001.0
萍乡市,2020,0,0.0,5,13001.0,5,13001.0
萍乡市,2021,1,1000.0,6,14001.0,6,14001.0
萍乡市,2022,0,0.0,6,14001.0,4,12501.0
萍乡市,2023,1,10000.0,7,24001.0,2,11000.0
萍乡市,2024,1,2000.0,8,26001.0,3,13000.0
萍乡市,2025,0,0.0,8,26001.0,3,13000.0
营口市,2015,0,0.0,0,0.0,0,0.0
营口市,2016,0,0.0,0,0.0,0,0.0
营口市,2017,1,100.0,1,100.0,1,100.0
营口市,2018,0,0.0,1,100.0,1,100.0
营口市,2019,0,0.0,1,100.0,1,100.0
营口市,2020,0,0.0,1,100.0,1,100.0
营口市,2021,0,0.0,1,100.0,1,100.0
营口市,2022,0,0.0,1,100.0,0,0.0
营口市,2023,1,21.0,2,121.0,1,21.0
营口市,2024,0,0.0,2,121.0,1,21.0
营口市,2025,0,0.0,2,121.0,1,21.0
蚌埠市,2015,2,5230.0,2,5230.0,2,5230.0
蚌埠市,2016,1,690.0,3,5920.0,3,5920.0
蚌埠市,2017,1,3000.0,4,8920.0,4,8920.0
蚌埠市,2018,1,1000.0,5,9920.0,5,9920.0
蚌埠市,2019,1,300.0,6,10220.0,6,10220.0
蚌埠市,2020,1,5000.0,7,15220.0,5,9990.0
蚌埠市,2021,3,900.0,10,16120.0,7,10200.0
蚌埠市,2022,1,600.0,11,16720.0,7,7800.0
蚌埠市,2023,7,4456.75,18,21176.75,13,11256.75
蚌埠市,2024,6,4131.0404,24,25307.7904,18,15087.7904
蚌埠市,2025,1,100.0,25,25407.7904,18,10187.7904
衡水市,2015,0,0.0,0,0.0,0,0.0
衡水市,2016,0,0.0,0,0.0,0,0.0
衡水市,2017,0,0.0,0,0.0,0,0.0
衡水市,2018,0,0.0,0,0.0,0,0.0
衡水市,2019,1,100.0,1,100.0,1,100.0
衡水市,2020,0,0.0,1,100.0,1,100.0
衡水市,2021,0,0.0,1,100.0,1,100.0
衡水市,2022,0,0.0,1,100.0,1,100.0
衡水市,2023,1,1001.0,2,1101.0,2,1101.0
衡水市,2024,0,0.0,2,1101.0,1,1001.0
衡水市,2025,0,0.0,2,1101.0,1,1001.0
衡阳市,2015,0,0.0,0,0.0,0,0.0
衡阳市,2016,0,0.0,0,0.0,0,0.0
衡阳市,2017,1,,1,,1,
衡阳市,2018,0,0.0,1,,1,
衡阳市,2019,0,0.0,1,,1,
衡阳市,2020,1,3000.0,2,,2,
衡阳市,2021,0,0.0,2,,2,
衡阳市,2022,1,1200.0,3,,2,4200.0
衡阳市,2023,0,0.0,3,,2,4200.0
衡阳市,2024,0,0.0,3,,2,4200.0
衡阳市,2025,0,0.0,3,,1,1200.0
衢州市,2015,0,0.0,0,0.0,0,0.0
衢州市,2016,9,2250.0,9,2250.0,9,2250.0
衢州市,2017,2,1601.05,11,3851.05,11,3851.05
衢州市,2018,1,,12,,12,
衢州市,2019,2,750.0,14,,14,
衢州市,2020,4,10000.0,18,,18,
衢州市,2021,0,0.0,18,,9,
衢州市,2022,3,1550.0,21,,10,
衢州市,2023,4,6202.0,25,,13,18502.0
衢州市,2024,4,5252.0,29,,15,23004.0
衢州市,2025,0,0.0,29,,11,13004.0
襄阳市,2015,2,5250.0,2,5250.0,2,5250.0
襄阳市,2016,1,12251.25,3,17501.25,3,17501.25
襄阳市,2017,5,1891.0,8,19392.25,8,19392.25
襄阳市,2018,4,1762.5,12,21154.75,12,21154.75
襄阳市,2019,2,700.0,14,21854.75,14,21854.75
襄阳市,2020,3,2500.0,17,24354.75,15,19104.75
襄阳市,2021,3,1500.0,20,25854.75,17,8353.5
襄阳市,2022,2,702.5,22,26557.25,14,7165.0
襄阳市,2023,3,1200.0,25,27757.25,13,6602.5
襄阳市,2024,5,2400.0,30,30157.25,16,8302.5
襄阳市,2025,1,500.0,31,30657.25,14,6302.5
西宁市,2015,0,0.0,0,0.0,0,0.0
西宁市,2016,5,19301.0,5,19301.0,5,19301.0
西宁市,2017,5,11601.0,10,30902.0,10,30902.0
西宁市,2018,4,3902.0,14,34804.0,14,34804.0
西宁市,2019,1,2000.0,15,36804.0,15,36804.0
西宁市,2020,0,0.0,15,36804.0,15,36804.0
西宁市,2021,0,0.0,15,36804.0,10,17503.0
西宁市,2022,0,0.0,15,36804.0,5,5902.0
西宁市,2023,0,0.0,15,36804.0,1,2000.0
西宁市,2024,1,5000.0,16,41804.0,1,5000.0
西宁市,2025,0,0.0,16,41804.0,1,5000.0
西安市,2015,3,466.5,3,466.5,3,466.5
西安市,2016,9,73140.1,12,73606.6,12,73606.6
西安市,2017,16,109733.4171,28,183340.0171,28,183340.0171
西安市,2018,11,24523.11,39,207863.1271,39,207863.1271
西安市,2019,12,630483.9661,51,838347.0932,51,838347.0932
西安市,2020,6,25465.0,57,863812.0932,54,863345.5932
西安市,2021,12,10049.2,69,873861.2932,57,800254.6932
西安市,2022,16,25502.65,85,899363.9432,57,716023.9261
西安市,2023,21,46459.0,106,945822.9432,67,737959.8161
西安市,2024,14,26563.0,120,972385.9432,69,134038.85
西安市,2025,3,3210.0,123,975595.9432,66,111783.85
许昌市,2015,0,0.0,0,0.0,0,0.0
许昌市,2016,0,0.0,0,0.0,0,0.0
许昌市,2017,0,0.0,0,0.0,0,0.0
许昌市,2018,1,340.0,1,340.0,1,340.0
许昌市,2019,1,182.0,2,522.0,2,522.0
许昌市,2020,1,1000.0,3,1522.0,3,1522.0
许昌市,2021,4,1901.0,7,3423.0,7,3423.0
许昌市,2022,2,800.0,9,4223.0,9,4223.0
许昌市,2023,2,1302.0,11,5525.0,10,5185.0
许昌市,2024,0,0.0,11,5525.0,9,5003.0
许昌市,2025,0,0.0,11,5525.0,8,4003.0
贵港市,2015,0,0.0,0,0.0,0,0.0
贵港市,2016,0,0.0,0,0.0,0,0.0
贵港市,2017,0,0.0,0,0.0,0,0.0
贵港市,2018,1,10000.0,1,10000.0,1,10000.0
贵港市,2019,0,0.0,1,10000.0,1,10000.0
贵港市,2020,0,0.0,1,10000.0,1,10000.0
贵港市,2021,0,0.0,1,10000.0,1,10000.0
贵港市,2022,0,0.0,1,10000.0,1,10000.0
贵港市,2023,0,0.0,1,10000.0,0,0.0
贵港市,2024,0,0.0,1,10000.0,0,0.0
贵港市,2025,0,0.0,1,10000.0,0,0.0
贵阳市,2015,0,0.0,0,0.0,0,0.0
贵阳市,2016,5,11272.1,5,11272.1,5,11272.1
贵阳市,2017,7,382891.0,12,394163.1,12,394163.1
贵阳市,2018,6,5378.385,18,399541.485,18,399541.485
贵阳市,2019,6,62034.16,24,461575.645,24,461575.645
贵阳市,2020,4,2132.63,28,463708.275,28,463708.275
贵阳市,2021,8,81412.64,36,545120.915,31,533848.815
贵阳市,2022,9,59822.01,45,604942.925,33,210779.825
贵阳市,2023,2,671.0,47,605613.925,29,206072.44
贵阳市,2024,8,26700.0,55,632313.925,31,170738.28
贵阳市,2025,4,3452.0,59,635765.925,31,172057.65
贺州市,2015,0,0.0,0,0.0,0,0.0
贺州市,2016,0,0.0,0,0.0,0,0.0
贺州市,2017,1,1500.01,1,1500.01,1,1500.01
贺州市,2018,1,100.0,2,1600.01,2,1600.01
贺州市,2019,0,0.0,2,1600.01,2,1600.01
贺州市,2020,0,0.0,2,1600.01,2,1600.01
贺州市,2021,0,0.0,2,1600.01,2,1600.01
贺州市,2022,0,0.0,2,1600.01,1,100.0
贺州市,2023,0,0.0,2,1600.01,0,0.0
贺州市,2024,0,0.0,2,1600.01,0,0.0
贺州市,2025,0,0.0,2,1600.01,0,0.0
资阳市,2015,0,0.0,0,0.0,0,0.0
资阳市,2016,1,2000.0,1,2000.0,1,2000.0
资阳市,2017,0,0.0,1,2000.0,1,2000.0
资阳市,2018,0,0.0,1,2000.0,1,2000.0
资阳市,2019,0,0.0,1,2000.0,1,2000.0
资阳市,2020,0,0.0,1,2000.0,1,2000.0
资阳市,2021,2,2306.2,3,4306.2,2,2306.2
资阳市,2022,0,0.0,3,4306.2,2,2306.2
资阳市,2023,0,0.0,3,4306.2,2,2306.2
资阳市,2024,0,0.0,3,4306.2,2,2306.2
资阳市,2025,0,0.0,3,4306.2,2,2306.2
赣州市,2015,0,0.0,0,0.0,0,0.0
赣州市,2016,14,69001.3,14,69001.3,14,69001.3
赣州市,2017,2,10000.0,16,79001.3,16,79001.3
赣州市,2018,1,2000.0,17,81001.3,17,81001.3
赣州市,2019,4,1186.01,21,82187.31,21,82187.31
赣州市,2020,6,4401.3,27,86588.61,27,86588.61
赣州市,2021,10,22652.12,37,109240.73,23,40239.43
赣州市,2022,9,1313.17,46,110553.9,30,31552.6
赣州市,2023,9,3344.13,55,113898.03,38,32896.73
赣州市,2024,8,8011.09,63,121909.12,42,39721.81
赣州市,2025,5,2700.0,68,124609.12,41,38020.51
赤峰市,2015,0,0.0,0,0.0,0,0.0
赤峰市,2016,0,0.0,0,0.0,0,0.0
赤峰市,2017,0,0.0,0,0.0,0,0.0
赤峰市,2018,0,0.0,0,0.0,0,0.0
赤峰市,2019,0,0.0,0,0.0,0,0.0
赤峰市,2020,0,0.0,0,0.0,0,0.0
赤峰市,2021,0,0.0,0,0.0,0,0.0
赤峰市,2022,0,0.0,0,0.0,0,0.0
赤峰市,2023,1,100.0,1,100.0,1,100.0
赤峰市,2024,0,0.0,1,100.0,1,100.0
赤峰市,2025,0,0.0,1,100.0,1,100.0
达州市,2015,0,0.0,0,0.0,0,0.0
达州市,2016,1,2700.0,1,2700.0,1,2700.0
达州市,2017,1,10000.0,2,12700.0,2,12700.0
达州市,2018,0,0.0,2,12700.0,2,12700.0
达州市,2019,0,0.0,2,12700.0,2,12700.0
达州市,2020,0,0.0,2,12700.0,2,12700.0
达州市,2021,0,0.0,2,12700.0,1,10000.0
达州市,2022,0,0.0,2,12700.0,0,0.0
达州市,2023,1,10000.0,3,22700.0,1,10000.0
达州市,2024,1,146.58,4,22846.58,2,10146.58
达州市,2025,0,0.0,4,22846.58,2,10146.58
运城市,2015,0,0.0,0,0.0,0,0.0
运城市,2016,1,1000.0,1,1000.0,1,1000.0
运城市,2017,2,390.0,3,1390.0,3,1390.0
运城市,2018,0,0.0,3,1390.0,3,1390.0
运城市,2019,0,0.0,3,1390.0,3,1390.0
运城市,2020,2,1000.0,5,2390.0,5,2390.0
运城市,2021,0,0.0,5,2390.0,4,1390.0
运城市,2022,1,21.0,6,2411.0,3,1021.0
运城市,2023,1,5000.0,7,7411.0,4,6021.0
运城市,2024,0,0.0,7,7411.0,4,6021.0
运城市,2025,0,0.0,7,7411.0,2,5021.0
连云港市,2015,0,0.0,0,0.0,0,0.0
连云港市,2016,2,3000.0,2,3000.0,2,3000.0
连云港市,2017,0,0.0,2,3000.0,2,3000.0
连云港市,2018,0,0.0,2,3000.0,2,3000.0
连云港市,2019,1,5000.0,3,8000.0,3,8000.0
连云港市,2020,0,0.0,3,8000.0,3,8000.0
连云港市,2021,0,0.0,3,8000.0,1,5000.0
连云港市,2022,2,3800.0,5,11800.0,3,8800.0
连云港市,2023,3,1390.0,8,13190.0,6,10190.0
连云港市,2024,2,400.0,10,13590.0,7,5590.0
连云港市,2025,0,0.0,10,13590.0,7,5590.0
通辽市,2015,0,0.0,0,0.0,0,0.0
通辽市,2016,0,0.0,0,0.0,0,0.0
通辽市,2017,1,5000.0,1,5000.0,1,5000.0
通辽市,2018,0,0.0,1,5000.0,1,5000.0
通辽市,2019,0,0.0,1,5000.0,1,5000.0
通辽市,2020,0,0.0,1,5000.0,1,5000.0
通辽市,2021,0,0.0,1,5000.0,1,5000.0
通辽市,2022,0,0.0,1,5000.0,0,0.0
通辽市,2023,3,1555.0,4,6555.0,3,1555.0
通辽市,2024,1,55.0,5,6610.0,4,1610.0
通辽市,2025,0,0.0,5,6610.0,4,1610.0
遂宁市,2015,0,0.0,0,0.0,0,0.0
遂宁市,2016,0,0.0,0,0.0,0,0.0
遂宁市,2017,0,0.0,0,0.0,0,0.0
遂宁市,2018,0,0.0,0,0.0,0,0.0
遂宁市,2019,0,0.0,0,0.0,0,0.0
遂宁市,2020,1,3000.0,1,3000.0,1,3000.0
遂宁市,2021,3,645.1,4,3645.1,4,3645.1
遂宁市,2022,0,0.0,4,3645.1,4,3645.1
遂宁市,2023,0,0.0,4,3645.1,4,3645.1
遂宁市,2024,0,0.0,4,3645.1,4,3645.1
遂宁市,2025,0,0.0,4,3645.1,3,645.1
遵义市,2015,0,0.0,0,0.0,0,0.0
遵义市,2016,0,0.0,0,0.0,0,0.0
遵义市,2017,3,5201.0,3,5201.0,3,5201.0
遵义市,2018,0,0.0,3,5201.0,3,5201.0
遵义市,2019,0,0.0,3,5201.0,3,5201.0
遵义市,2020,0,0.0,3,5201.0,3,5201.0
遵义市,2021,0,0.0,3,5201.0,3,5201.0
遵义市,2022,0,0.0,3,5201.0,0,0.0
遵义市,2023,0,0.0,3,5201.0,0,0.0
遵义市,2024,0,0.0,3,5201.0,0,0.0
遵义市,2025,0,0.0,3,5201.0,0,0.0
邢台市,2015,0,0.0,0,0.0,0,0.0
邢台市,2016,1,960.0,1,960.0,1,960.0
邢台市,2017,1,3000.0,2,3960.0,2,3960.0
邢台市,2018,0,0.0,2,3960.0,2,3960.0
邢台市,2019,0,0.0,2,3960.0,2,3960.0
邢台市,2020,0,0.0,2,3960.0,2,3960.0
邢台市,2021,1,30000.0,3,33960.0,2,33000.0
邢台市,2022,0,0.0,3,33960.0,1,30000.0
邢台市,2023,1,500.0,4,34460.0,2,30500.0
邢台市,2024,0,0.0,4,34460.0,2,30500.0
邢台市,2025,0,0.0,4,34460.0,2,30500.0
邯郸市,2015,0,0.0,0,0.0,0,0.0
邯郸市,2016,2,550.0,2,550.0,2,550.0
邯郸市,2017,0,0.0,2,550.0,2,550.0
邯郸市,2018,0,0.0,2,550.0,2,550.0
邯郸市,2019,0,0.0,2,550.0,2,550.0
邯郸市,2020,0,0.0,2,550.0,2,550.0
邯郸市,2021,0,0.0,2,550.0,0,0.0
邯郸市,2022,0,0.0,2,550.0,0,0.0
邯郸市,2023,0,0.0,2,550.0,0,0.0
邯郸市,2024,1,1000.0,3,1550.0,1,1000.0
邯郸市,2025,0,0.0,3,1550.0,1,1000.0
邵阳市,2015,0,0.0,0,0.0,0,0.0
邵阳市,2016,0,0.0,0,0.0,0,0.0
邵阳市,2017,0,0.0,0,0.0,0,0.0
邵阳市,2018,1,3000.0,1,3000.0,1,3000.0
邵阳市,2019,0,0.0,1,3000.0,1,3000.0
邵阳市,2020,0,0.0,1,3000.0,1,3000.0
邵阳市,2021,0,0.0,1,3000.0,1,3000.0
邵阳市,2022,0,0.0,1,3000.0,1,3000.0
邵阳市,2023,0,0.0,1,3000.0,0,0.0
邵阳市,2024,0,0.0,1,3000.0,0,0.0
邵阳市,2025,0,0.0,1,3000.0,0,0.0
郑州市,2015,7,14601.0,7,14601.0,7,14601.0
郑州市,2016,5,2685.1,12,17286.1,12,17286.1
郑州市,2017,11,146726.0,23,164012.1,23,164012.1
郑州市,2018,14,130287.1,37,294299.2,37,294299.2
郑州市,2019,8,8245.0,45,302544.2,45,302544.2
郑州市,2020,13,51369.0,58,353913.2,51,339312.2
郑州市,2021,5,37368.0,63,391281.2,51,373995.1
郑州市,2022,18,217145.5,81,608426.7,58,444414.6
郑州市,2023,14,68584.64,95,677011.34,58,382712.14
郑州市,2024,15,25750.7,110,702762.04,65,400217.84
郑州市,2025,7,13901.0,117,716663.04,59,362749.84
郴州市,2015,0,0.0,0,0.0,0,0.0
郴州市,2016,1,500.0,1,500.0,1,500.0
郴州市,2017,0,0.0,1,500.0,1,500.0
郴州市,2018,0,0.0,1,500.0,1,500.0
郴州市,2019,2,2700.0,3,3200.0,3,3200.0
郴州市,2020,0,0.0,3,3200.0,3,3200.0
郴州市,2021,1,120.0,4,3320.0,3,2820.0
郴州市,2022,1,200.0,5,3520.0,4,3020.0
郴州市,2023,0,0.0,5,3520.0,4,3020.0
郴州市,2024,0,0.0,5,3520.0,2,320.0
郴州市,2025,0,0.0,5,3520.0,2,320.0
鄂尔多斯市,2015,0,0.0,0,0.0,0,0.0
鄂尔多斯市,2016,1,100.1,1,100.1,1,100.1
鄂尔多斯市,2017,0,0.0,1,100.1,1,100.1
鄂尔多斯市,2018,0,0.0,1,100.1,1,100.1
鄂尔多斯市,2019,0,0.0,1,100.1,1,100.1
鄂尔多斯市,2020,2,338.59,3,438.69,3,438.69
鄂尔多斯市,2021,1,303.01,4,741.7,3,641.6
鄂尔多斯市,2022,1,1000.0,5,1741.7,4,1641.6
鄂尔多斯市,2023,1,30.5,6,1772.2,5,1672.1
鄂尔多斯市,2024,4,13999.0,10,15771.2,9,15671.1
鄂尔多斯市,2025,1,1000.0,11,16771.2,8,16332.51
鄂州市,2015,1,250.0,1,250.0,1,250.0
鄂州市,2016,1,600.0,2,850.0,2,850.0
鄂州市,2017,0,0.0,2,850.0,2,850.0
鄂州市,2018,0,0.0,2,850.0,2,850.0
鄂州市,2019,0,0.0,2,850.0,2,850.0
鄂州市,2020,1,6000.0,3,6850.0,2,6600.0
鄂州市,2021,0,0.0,3,6850.0,1,6000.0
鄂州市,2022,0,0.0,3,6850.0,1,6000.0
鄂州市,2023,0,0.0,3,6850.0,1,6000.0
鄂州市,2024,0,0.0,3,6850.0,1,6000.0
鄂州市,2025,0,0.0,3,6850.0,0,0.0
重庆市,2015,9,39956.55,9,39956.55,9,39956.55
重庆市,2016,23,48806.2828,32,88762.8328,32,88762.8328
重庆市,2017,16,10393.17,48,99156.0028,48,99156.0028
重庆市,2018,10,3296.6,58,102452.6028,58,102452.6028
重庆市,2019,10,12998.6193,68,115451.2221,68,115451.2221
重庆市,2020,5,3111.0,73,118562.2221,64,78605.6721
重庆市,2021,19,41795.4,92,160357.6221,60,71594.7893
重庆市,2022,10,10469.6905,102,170827.3126,54,71671.3098
重庆市,2023,10,206661.8,112,377489.1126,54,275036.5098
重庆市,2024,17,31733.01,129,409222.1226,61,293770.9005
重庆市,2025,5,6507.06,134,415729.1826,61,297166.9605
金华市,2015,3,2385.0,3,2385.0,3,2385.0
金华市,2016,6,7800.0,9,10185.0,9,10185.0
金华市,2017,6,20435.0,15,30620.0,15,30620.0
金华市,2018,1,3000.0,16,33620.0,16,33620.0
金华市,2019,2,750.0,18,34370.0,18,34370.0
金华市,2020,1,1397.4747,19,35767.4747,16,33382.4747
金华市,2021,0,0.0,19,35767.4747,10,25582.4747
金华市,2022,2,10400.0,21,46167.4747,6,15547.4747
金华市,2023,5,2354.15,26,48521.6247,10,14901.6247
金华市,2024,7,8495.1,33,57016.7247,15,22646.7247
金华市,2025,1,60.1,34,57076.8247,15,21309.35
金昌市,2015,0,0.0,0,0.0,0,0.0
金昌市,2016,0,0.0,0,0.0,0,0.0
金昌市,2017,0,0.0,0,0.0,0,0.0
金昌市,2018,0,0.0,0,0.0,0,0.0
金昌市,2019,0,0.0,0,0.0,0,0.0
金昌市,2020,0,0.0,0,0.0,0,0.0
金昌市,2021,0,0.0,0,0.0,0,0.0
金昌市,2022,0,0.0,0,0.0,0,0.0
金昌市,2023,0,0.0,0,0.0,0,0.0
金昌市,2024,1,160.0,1,160.0,1,160.0
金昌市,2025,0,0.0,1,160.0,1,160.0
钦州市,2015,0,0.0,0,0.0,0,0.0
钦州市,2016,0,0.0,0,0.0,0,0.0
钦州市,2017,2,5053.75,2,5053.75,2,5053.75
钦州市,2018,2,3400.0,4,8453.75,4,8453.75
钦州市,2019,0,0.0,4,8453.75,4,8453.75
钦州市,2020,1,121.5,5,8575.25,5,8575.25
钦州市,2021,0,0.0,5,8575.25,5,8575.25
钦州市,2022,0,0.0,5,8575.25,3,3521.5
钦州市,2023,0,0.0,5,8575.25,1,121.5
钦州市,2024,0,0.0,5,8575.25,1,121.5
钦州市,2025,0,0.0,5,8575.25,0,0.0
铜仁市,2015,0,0.0,0,0.0,0,0.0
铜仁市,2016,2,51800.0,2,51800.0,2,51800.0
铜仁市,2017,0,0.0,2,51800.0,2,51800.0
铜仁市,2018,0,0.0,2,51800.0,2,51800.0
铜仁市,2019,0,0.0,2,51800.0,2,51800.0
铜仁市,2020,0,0.0,2,51800.0,2,51800.0
铜仁市,2021,0,0.0,2,51800.0,0,0.0
铜仁市,2022,0,0.0,2,51800.0,0,0.0
铜仁市,2023,0,0.0,2,51800.0,0,0.0
铜仁市,2024,0,0.0,2,51800.0,0,0.0
铜仁市,2025,0,0.0,2,51800.0,0,0.0
铜川市,2015,0,0.0,0,0.0,0,0.0
铜川市,2016,2,2700.0,2,2700.0,2,2700.0
铜川市,2017,0,0.0,2,2700.0,2,2700.0
铜川市,2018,0,0.0,2,2700.0,2,2700.0
铜川市,2019,1,200.0,3,2900.0,3,2900.0
铜川市,2020,1,480.0,4,3380.0,4,3380.0
铜川市,2021,0,0.0,4,3380.0,2,680.0
铜川市,2022,0,0.0,4,3380.0,2,680.0
铜川市,2023,0,0.0,4,3380.0,2,680.0
铜川市,2024,0,0.0,4,3380.0,1,480.0
铜川市,2025,0,0.0,4,3380.0,0,0.0
铜陵市,2015,0,0.0,0,0.0,0,0.0
铜陵市,2016,1,2000.0,1,2000.0,1,2000.0
铜陵市,2017,3,2302.0,4,4302.0,4,4302.0
铜陵市,2018,0,0.0,4,4302.0,4,4302.0
铜陵市,2019,2,2100.0,6,6402.0,6,6402.0
铜陵市,2020,0,0.0,6,6402.0,6,6402.0
铜陵市,2021,3,1845.0,9,8247.0,8,6247.0
铜陵市,2022,2,2004.0,11,10251.0,7,5949.0
铜陵市,2023,2,1662.7,13,11913.7,9,7611.7
铜陵市,2024,1,1000.0,14,12913.7,8,6511.7
铜陵市,2025,0,0.0,14,12913.7,8,6511.7
银川市,2015,6,3590.25,6,3590.25,6,3590.25
银川市,2016,7,7370.01,13,10960.26,13,10960.26
银川市,2017,7,4383.76,20,15344.02,20,15344.02
银川市,2018,4,15132.5,24,30476.52,24,30476.52
银川市,2019,5,2651.25,29,33127.77,29,33127.77
银川市,2020,1,400.0,30,33527.77,24,29937.52
银川市,2021,2,4401.0,32,37928.77,19,26968.51
银川市,2022,9,16226.0,41,54154.77,21,38810.75
银川市,2023,5,2403.0,46,56557.77,22,26081.25
银川市,2024,1,401.0,47,56958.77,18,23831.0
银川市,2025,1,1000.0,48,57958.77,18,24431.0
锡林郭勒盟,2015,0,0.0,0,0.0,0,0.0
锡林郭勒盟,2016,1,2000.0,1,2000.0,1,2000.0
锡林郭勒盟,2017,0,0.0,1,2000.0,1,2000.0
锡林郭勒盟,2018,0,0.0,1,2000.0,1,2000.0
锡林郭勒盟,2019,0,0.0,1,2000.0,1,2000.0
锡林郭勒盟,2020,0,0.0,1,2000.0,1,2000.0
锡林郭勒盟,2021,0,0.0,1,2000.0,0,0.0
锡林郭勒盟,2022,0,0.0,1,2000.0,0,0.0
锡林郭勒盟,2023,0,0.0,1,2000.0,0,0.0
锡林郭勒盟,2024,0,0.0,1,2000.0,0,0.0
锡林郭勒盟,2025,0,0.0,1,2000.0,0,0.0
镇江市,2015,0,0.0,0,0.0,0,0.0
镇江市,2016,7,38210.0,7,38210.0,7,38210.0
镇江市,2017,1,45.0,8,38255.0,8,38255.0
镇江市,2018,3,8250.0,11,46505.0,11,46505.0
镇江市,2019,3,221.0,14,46726.0,14,46726.0
镇江市,2020,0,0.0,14,46726.0,14,46726.0
镇江市,2021,0,0.0,14,46726.0,7,8516.0
镇江市,2022,0,0.0,14,46726.0,6,8471.0
镇江市,2023,0,0.0,14,46726.0,3,221.0
镇江市,2024,0,0.0,14,46726.0,0,0.0
镇江市,2025,0,0.0,14,46726.0,0,0.0
长春市,2015,0,0.0,0,0.0,0,0.0
长春市,2016,9,15103.9278,9,15103.9278,9,15103.9278
长春市,2017,7,8059.0,16,23162.9278,16,23162.9278
长春市,2018,14,33034.45,30,56197.3778,30,56197.3778
长春市,2019,8,14019.9,38,70217.2778,38,70217.2778
长春市,2020,7,8143.0,45,78360.2778,45,78360.2778
长春市,2021,6,3900.0,51,82260.2778,42,67156.35
长春市,2022,4,30700.0,55,112960.2778,39,89797.35
长春市,2023,6,3278.2,61,116238.4778,31,60041.1
长春市,2024,4,2305.0,65,118543.4778,27,48326.2
长春市,2025,0,0.0,65,118543.4778,20,40183.2
长沙市,2015,0,0.0,0,0.0,0,0.0
长沙市,2016,8,37180.5,8,37180.5,8,37180.5
长沙市,2017,6,3798.1252,14,40978.6252,14,40978.6252
长沙市,2018,15,10851.9243,29,51830.5495,29,51830.5495
长沙市,2019,16,32180.5472,45,84011.0967,45,84011.0967
长沙市,2020,18,25822.3333,63,109833.43,63,109833.43
长沙市,2021,20,19387.3286,83,129220.7586,75,92040.2586
长沙市,2022,19,17824.0,102,147044.7586,88,106066.1334
长沙市,2023,14,46015.6,116,193060.3586,87,141229.8091
长沙市,2024,18,60071.975,134,253132.3336,89,169121.2369
长沙市,2025,8,5678.1,142,258810.4336,79,148977.0036
长治市,2015,0,0.0,0,0.0,0,0.0
长治市,2016,1,1000.0,1,1000.0,1,1000.0
长治市,2017,0,0.0,1,1000.0,1,1000.0
长治市,2018,0,0.0,1,1000.0,1,1000.0
长治市,2019,1,10000.0,2,11000.0,2,11000.0
长治市,2020,2,1160.0,4,12160.0,4,12160.0
长治市,2021,2,301.0,6,12461.0,5,11461.0
长治市,2022,3,601.0,9,13062.0,8,12062.0
长治市,2023,0,0.0,9,13062.0,8,12062.0
长治市,2024,1,501.0,10,13563.0,8,2563.0
长治市,2025,0,0.0,10,13563.0,6,1403.0
阜阳市,2015,0,0.0,0,0.0,0,0.0
阜阳市,2016,1,100.0,1,100.0,1,100.0
阜阳市,2017,0,0.0,1,100.0,1,100.0
阜阳市,2018,2,380.0,3,480.0,3,480.0
阜阳市,2019,2,400.0,5,880.0,5,880.0
阜阳市,2020,2,200.0,7,1080.0,7,1080.0
阜阳市,2021,2,1400.0,9,2480.0,8,2380.0
阜阳市,2022,1,200.0,10,2680.0,9,2580.0
阜阳市,2023,1,200.0,11,2880.0,8,2400.0
阜阳市,2024,2,1500.0,13,4380.0,8,3500.0
阜阳市,2025,0,0.0,13,4380.0,6,3300.0
防城港市,2015,0,0.0,0,0.0,0,0.0
防城港市,2016,0,0.0,0,0.0,0,0.0
防城港市,2017,0,0.0,0,0.0,0,0.0
防城港市,2018,1,101.1,1,101.1,1,101.1
防城港市,2019,1,100.0,2,201.1,2,201.1
防城港市,2020,0,0.0,2,201.1,2,201.1
防城港市,2021,0,0.0,2,201.1,2,201.1
防城港市,2022,0,0.0,2,201.1,2,201.1
防城港市,2023,0,0.0,2,201.1,1,100.0
防城港市,2024,0,0.0,2,201.1,0,0.0
防城港市,2025,0,0.0,2,201.1,0,0.0
阳江市,2015,0,0.0,0,0.0,0,0.0
阳江市,2016,0,0.0,0,0.0,0,0.0
阳江市,2017,1,401.0,1,401.0,1,401.0
阳江市,2018,0,0.0,1,401.0,1,401.0
阳江市,2019,0,0.0,1,401.0,1,401.0
阳江市,2020,0,0.0,1,401.0,1,401.0
阳江市,2021,0,0.0,1,401.0,1,401.0
阳江市,2022,0,0.0,1,401.0,0,0.0
阳江市,2023,0,0.0,1,401.0,0,0.0
阳江市,2024,0,0.0,1,401.0,0,0.0
阳江市,2025,1,800.0,2,1201.0,1,800.0
阳泉市,2015,0,0.0,0,0.0,0,0.0
阳泉市,2016,0,0.0,0,0.0,0,0.0
阳泉市,2017,1,400.1,1,400.1,1,400.1
阳泉市,2018,0,0.0,1,400.1,1,400.1
阳泉市,2019,0,0.0,1,400.1,1,400.1
阳泉市,2020,0,0.0,1,400.1,1,400.1
阳泉市,2021,0,0.0,1,400.1,1,400.1
阳泉市,2022,0,0.0,1,400.1,0,0.0
阳泉市,2023,0,0.0,1,400.1,0,0.0
阳泉市,2024,1,3001.0,2,3401.1,1,3001.0
阳泉市,2025,0,0.0,2,3401.1,1,3001.0
阿克苏地区,2015,0,0.0,0,0.0,0,0.0
阿克苏地区,2016,0,0.0,0,0.0,0,0.0
阿克苏地区,2017,0,0.0,0,0.0,0,0.0
阿克苏地区,2018,0,0.0,0,0.0,0,0.0
阿克苏地区,2019,0,0.0,0,0.0,0,0.0
阿克苏地区,2020,0,0.0,0,0.0,0,0.0
阿克苏地区,2021,1,200.5,1,200.5,1,200.5
阿克苏地区,2022,0,0.0,1,200.5,1,200.5
阿克苏地区,2023,1,502.0,2,702.5,2,702.5
阿克苏地区,2024,2,2000.0,4,2702.5,4,2702.5
阿克苏地区,2025,2,402.0,6,3104.5,6,3104.5
阿勒泰地区,2015,0,0.0,0,0.0,0,0.0
阿勒泰地区,2016,1,5005.0,1,5005.0,1,5005.0
阿勒泰地区,2017,0,0.0,1,5005.0,1,5005.0
阿勒泰地区,2018,0,0.0,1,5005.0,1,5005.0
阿勒泰地区,2019,0,0.0,1,5005.0,1,5005.0
阿勒泰地区,2020,0,0.0,1,5005.0,1,5005.0
阿勒泰地区,2021,0,0.0,1,5005.0,0,0.0
阿勒泰地区,2022,0,0.0,1,5005.0,0,0.0
阿勒泰地区,2023,0,0.0,1,5005.0,0,0.0
阿勒泰地区,2024,0,0.0,1,5005.0,0,0.0
阿勒泰地区,2025,0,0.0,1,5005.0,0,0.0
阿坝藏族羌族自治州,2015,0,0.0,0,0.0,0,0.0
阿坝藏族羌族自治州,2016,1,1000.0,1,1000.0,1,1000.0
阿坝藏族羌族自治州,2017,0,0.0,1,1000.0,1,1000.0
阿坝藏族羌族自治州,2018,0,0.0,1,1000.0,1,1000.0
阿坝藏族羌族自治州,2019,0,0.0,1,1000.0,1,1000.0
阿坝藏族羌族自治州,2020,0,0.0,1,1000.0,1,1000.0
阿坝藏族羌族自治州,2021,0,0.0,1,1000.0,0,0.0
阿坝藏族羌族自治州,2022,0,0.0,1,1000.0,0,0.0
阿坝藏族羌族自治州,2023,0,0.0,1,1000.0,0,0.0
阿坝藏族羌族自治州,2024,0,0.0,1,1000.0,0,0.0
阿坝藏族羌族自治州,2025,0,0.0,1,1000.0,0,0.0
阿拉善盟,2015,0,0.0,0,0.0,0,0.0
阿拉善盟,2016,2,3505.11,2,3505.11,2,3505.11
阿拉善盟,2017,0,0.0,2,3505.11,2,3505.11
阿拉善盟,2018,0,0.0,2,3505.11,2,3505.11
阿拉善盟,2019,0,0.0,2,3505.11,2,3505.11
阿拉善盟,2020,1,1000.0,3,4505.11,3,4505.11
阿拉善盟,2021,0,0.0,3,4505.11,1,1000.0
阿拉善盟,2022,0,0.0,3,4505.11,1,1000.0
阿拉善盟,2023,0,0.0,3,4505.11,1,1000.0
阿拉善盟,2024,0,0.0,3,4505.11,1,1000.0
阿拉善盟,2025,0,0.0,3,4505.11,0,0.0
阿拉尔市,2015,0,0.0,0,0.0,0,0.0
阿拉尔市,2016,0,0.0,0,0.0,0,0.0
阿拉尔市,2017,0,0.0,0,0.0,0,0.0
阿拉尔市,2018,0,0.0,0,0.0,0,0.0
阿拉尔市,2019,0,0.0,0,0.0,0,0.0
阿拉尔市,2020,0,0.0,0,0.0,0,0.0
阿拉尔市,2021,0,0.0,0,0.0,0,0.0
阿拉尔市,2022,0,0.0,0,0.0,0,0.0
阿拉尔市,2023,1,61.0,1,61.0,1,61.0
阿拉尔市,2024,2,403.0,3,464.0,3,464.0
阿拉尔市,2025,0,0.0,3,464.0,3,464.0
随州市,2015,0,0.0,0,0.0,0,0.0
随州市,2016,0,0.0,0,0.0,0,0.0
随州市,2017,0,0.0,0,0.0,0,0.0
随州市,2018,0,0.0,0,0.0,0,0.0
随州市,2019,0,0.0,0,0.0,0,0.0
随州市,2020,1,200.0,1,200.0,1,200.0
随州市,2021,0,0.0,1,200.0,1,200.0
随州市,2022,0,0.0,1,200.0,1,200.0
随州市,2023,0,0.0,1,200.0,1,200.0
随州市,2024,0,0.0,1,200.0,1,200.0
随州市,2025,0,0.0,1,200.0,0,0.0
雅安市,2015,0,0.0,0,0.0,0,0.0
雅安市,2016,0,0.0,0,0.0,0,0.0
雅安市,2017,0,0.0,0,0.0,0,0.0
雅安市,2018,1,60.0,1,60.0,1,60.0
雅安市,2019,0,0.0,1,60.0,1,60.0
雅安市,2020,1,,2,,2,
雅安市,2021,1,1000.0,3,,3,
雅安市,2022,0,0.0,3,,3,
雅安市,2023,0,0.0,3,,2,
雅安市,2024,0,0.0,3,,2,
雅安市,2025,1,1000.0,4,,2,2000.0
青岛市,2015,5,2830.46,5,2830.46,5,2830.46
青岛市,2016,17,42912.09,22,45742.55,22,45742.55
青岛市,2017,7,1213.01,29,46955.56,29,46955.56
青岛市,2018,17,31853.6561,46,78809.2161,46,78809.2161
青岛市,2019,12,32840.0,58,111649.2161,58,111649.2161
青岛市,2020,23,32200.57,81,143849.7861,76,141019.3261
青岛市,2021,37,54757.33,118,198607.1161,96,152864.5661
青岛市,2022,24,21944.16,142,220551.2761,113,173595.7161
青岛市,2023,16,10965.1675,158,231516.4436,112,152707.2275
青岛市,2024,5,1259.0,163,232775.4436,105,121126.2275
青岛市,2025,2,1311.0,165,234086.4436,84,90236.6575
鞍山市,2015,0,0.0,0,0.0,0,0.0
鞍山市,2016,0,0.0,0,0.0,0,0.0
鞍山市,2017,2,1210.0,2,1210.0,2,1210.0
鞍山市,2018,2,248.0,4,1458.0,4,1458.0
鞍山市,2019,0,0.0,4,1458.0,4,1458.0
鞍山市,2020,1,60.0,5,1518.0,5,1518.0
鞍山市,2021,1,450.0,6,1968.0,6,1968.0
鞍山市,2022,0,0.0,6,1968.0,4,758.0
鞍山市,2023,0,0.0,6,1968.0,2,510.0
鞍山市,2024,0,0.0,6,1968.0,2,510.0
鞍山市,2025,0,0.0,6,1968.0,1,450.0
韶关市,2015,0,0.0,0,0.0,0,0.0
韶关市,2016,1,2000.0,1,2000.0,1,2000.0
韶关市,2017,0,0.0,1,2000.0,1,2000.0
韶关市,2018,5,1020.01,6,3020.01,6,3020.01
韶关市,2019,1,300.0,7,3320.01,7,3320.01
韶关市,2020,0,0.0,7,3320.01,7,3320.01
韶关市,2021,0,0.0,7,3320.01,6,1320.01
韶关市,2022,1,100.0,8,3420.01,7,1420.01
韶关市,2023,0,0.0,8,3420.01,2,400.0
韶关市,2024,1,1000.0,9,4420.01,2,1100.0
韶关市,2025,0,0.0,9,4420.01,2,1100.0
马鞍山市,2015,1,300.0,1,300.0,1,300.0
马鞍山市,2016,5,1516.0,6,1816.0,6,1816.0
马鞍山市,2017,3,841.0,9,2657.0,9,2657.0
马鞍山市,2018,1,120.1,10,2777.1,10,2777.1
马鞍山市,2019,2,2000.0,12,4777.1,12,4777.1
马鞍山市,2020,0,0.0,12,4777.1,11,4477.1
马鞍山市,2021,2,2125.0,14,6902.1,8,5086.1
马鞍山市,2022,2,2000.0,16,8902.1,7,6245.1
马鞍山市,2023,5,1260.0,21,10162.1,11,7385.0
马鞍山市,2024,3,11150.0,24,21312.1,12,16535.0
马鞍山市,2025,3,3050.0,27,24362.1,15,19585.0
驻马店市,2015,0,0.0,0,0.0,0,0.0
驻马店市,2016,0,0.0,0,0.0,0,0.0
驻马店市,2017,0,0.0,0,0.0,0,0.0
驻马店市,2018,0,0.0,0,0.0,0,0.0
驻马店市,2019,1,500.0,1,500.0,1,500.0
驻马店市,2020,0,0.0,1,500.0,1,500.0
驻马店市,2021,1,2000.0,2,2500.0,2,2500.0
驻马店市,2022,1,51.0,3,2551.0,3,2551.0
驻马店市,2023,1,2000.0,4,4551.0,4,4551.0
驻马店市,2024,1,500.0,5,5051.0,4,4551.0
驻马店市,2025,0,0.0,5,5051.0,4,4551.0
鹤壁市,2015,0,0.0,0,0.0,0,0.0
鹤壁市,2016,1,1000.0,1,1000.0,1,1000.0
鹤壁市,2017,1,250.0,2,1250.0,2,1250.0
鹤壁市,2018,0,0.0,2,1250.0,2,1250.0
鹤壁市,2019,0,0.0,2,1250.0,2,1250.0
鹤壁市,2020,0,0.0,2,1250.0,2,1250.0
鹤壁市,2021,1,106.0,3,1356.0,2,356.0
鹤壁市,2022,0,0.0,3,1356.0,1,106.0
鹤壁市,2023,1,402.0,4,1758.0,2,508.0
鹤壁市,2024,1,502.0,5,2260.0,3,1010.0
鹤壁市,2025,0,0.0,5,2260.0,3,1010.0
鹰潭市,2015,0,0.0,0,0.0,0,0.0
鹰潭市,2016,0,0.0,0,0.0,0,0.0
鹰潭市,2017,2,1500.0,2,1500.0,2,1500.0
鹰潭市,2018,0,0.0,2,1500.0,2,1500.0
鹰潭市,2019,0,0.0,2,1500.0,2,1500.0
鹰潭市,2020,2,1201.0,4,2701.0,4,2701.0
鹰潭市,2021,1,150.0,5,2851.0,5,2851.0
鹰潭市,2022,1,1060.0,6,3911.0,4,2411.0
鹰潭市,2023,0,0.0,6,3911.0,4,2411.0
鹰潭市,2024,0,0.0,6,3911.0,4,2411.0
鹰潭市,2025,1,5000.0,7,8911.0,3,6210.0
黄冈市,2015,0,0.0,0,0.0,0,0.0
黄冈市,2016,0,0.0,0,0.0,0,0.0
黄冈市,2017,0,0.0,0,0.0,0,0.0
黄冈市,2018,0,0.0,0,0.0,0,0.0
黄冈市,2019,0,0.0,0,0.0,0,0.0
黄冈市,2020,1,1750.0,1,1750.0,1,1750.0
黄冈市,2021,0,0.0,1,1750.0,1,1750.0
黄冈市,2022,0,0.0,1,1750.0,1,1750.0
黄冈市,2023,0,0.0,1,1750.0,1,1750.0
黄冈市,2024,0,0.0,1,1750.0,1,1750.0
黄冈市,2025,0,0.0,1,1750.0,0,0.0
黄山市,2015,0,0.0,0,0.0,0,0.0
黄山市,2016,0,0.0,0,0.0,0,0.0
黄山市,2017,1,2000.1,1,2000.1,1,2000.1
黄山市,2018,1,2000.0,2,4000.1,2,4000.1
黄山市,2019,1,4000.0,3,8000.1,3,8000.1
黄山市,2020,2,600.0,5,8600.1,5,8600.1
黄山市,2021,0,0.0,5,8600.1,5,8600.1
黄山市,2022,3,1500.2,8,10100.3,7,8100.2
黄山市,2023,2,1500.0,10,11600.3,8,7600.2
黄山市,2024,3,12000.0,13,23600.3,10,15600.2
黄山市,2025,2,2000.0,15,25600.3,10,17000.2
黄石市,2015,0,0.0,0,0.0,0,0.0
黄石市,2016,0,0.0,0,0.0,0,0.0
黄石市,2017,0,0.0,0,0.0,0,0.0
黄石市,2018,0,0.0,0,0.0,0,0.0
黄石市,2019,0,0.0,0,0.0,0,0.0
黄石市,2020,0,0.0,0,0.0,0,0.0
黄石市,2021,0,0.0,0,0.0,0,0.0
黄石市,2022,0,0.0,0,0.0,0,0.0
黄石市,2023,1,2000.0,1,2000.0,1,2000.0
黄石市,2024,0,0.0,1,2000.0,1,2000.0
黄石市,2025,0,0.0,1,2000.0,1,2000.0
黔东南苗族侗族自治州,2015,0,0.0,0,0.0,0,0.0
黔东南苗族侗族自治州,2016,2,3000.0,2,3000.0,2,3000.0
黔东南苗族侗族自治州,2017,0,0.0,2,3000.0,2,3000.0
黔东南苗族侗族自治州,2018,0,0.0,2,3000.0,2,3000.0
黔东南苗族侗族自治州,2019,0,0.0,2,3000.0,2,3000.0
黔东南苗族侗族自治州,2020,0,0.0,2,3000.0,2,3000.0
黔东南苗族侗族自治州,2021,0,0.0,2,3000.0,0,0.0
黔东南苗族侗族自治州,2022,0,0.0,2,3000.0,0,0.0
黔东南苗族侗族自治州,2023,0,0.0,2,3000.0,0,0.0
黔东南苗族侗族自治州,2024,0,0.0,2,3000.0,0,0.0
黔东南苗族侗族自治州,2025,0,0.0,2,3000.0,0,0.0
黔南布依族苗族自治州,2015,0,0.0,0,0.0,0,0.0
黔南布依族苗族自治州,2016,2,4250.0,2,4250.0,2,4250.0
黔南布依族苗族自治州,2017,0,0.0,2,4250.0,2,4250.0
黔南布依族苗族自治州,2018,0,0.0,2,4250.0,2,4250.0
黔南布依族苗族自治州,2019,0,0.0,2,4250.0,2,4250.0
黔南布依族苗族自治州,2020,0,0.0,2,4250.0,2,4250.0
黔南布依族苗族自治州,2021,0,0.0,2,4250.0,0,0.0
黔南布依族苗族自治州,2022,0,0.0,2,4250.0,0,0.0
黔南布依族苗族自治州,2023,0,0.0,2,4250.0,0,0.0
黔南布依族苗族自治州,2024,0,0.0,2,4250.0,0,0.0
黔南布依族苗族自治州,2025,0,0.0,2,4250.0,0,0.0
黔西南布依族苗族自治州,2015,0,0.0,0,0.0,0,0.0
黔西南布依族苗族自治州,2016,1,,1,,1,
黔西南布依族苗族自治州,2017,0,0.0,1,,1,
黔西南布依族苗族自治州,2018,0,0.0,1,,1,
黔西南布依族苗族自治州,2019,0,0.0,1,,1,
黔西南布依族苗族自治州,2020,0,0.0,1,,1,
黔西南布依族苗族自治州,2021,0,0.0,1,,0,0.0
黔西南布依族苗族自治州,2022,0,0.0,1,,0,0.0
黔西南布依族苗族自治州,2023,0,0.0,1,,0,0.0
黔西南布依族苗族自治州,2024,0,0.0,1,,0,0.0
黔西南布依族苗族自治州,2025,0,0.0,1,,0,0.0
齐齐哈尔市,2015,0,0.0,0,0.0,0,0.0
齐齐哈尔市,2016,0,0.0,0,0.0,0,0.0
齐齐哈尔市,2017,2,2101.0,2,2101.0,2,2101.0
齐齐哈尔市,2018,0,0.0,2,2101.0,2,2101.0
齐齐哈尔市,2019,0,0.0,2,2101.0,2,2101.0
齐齐哈尔市,2020,0,0.0,2,2101.0,2,2101.0
齐齐哈尔市,2021,0,0.0,2,2101.0,2,2101.0
齐齐哈尔市,2022,0,0.0,2,2101.0,0,0.0
齐齐哈尔市,2023,0,0.0,2,2101.0,0,0.0
齐齐哈尔市,2024,0,0.0,2,2101.0,0,0.0
齐齐哈尔市,2025,0,0.0,2,2101.0,0,0.0
龙岩市,2015,1,5000.0,1,5000.0,1,5000.0
龙岩市,2016,4,3000.0,5,8000.0,5,8000.0
龙岩市,2017,4,2825.4819,9,10825.4819,9,10825.4819
龙岩市,2018,1,103.5,10,10928.9819,10,10928.9819
龙岩市,2019,3,2125.5,13,13054.4819,13,13054.4819
龙岩市,2020,1,150.5,14,13204.9819,13,8204.9819
龙岩市,2021,0,0.0,14,13204.9819,9,5204.9819
龙岩市,2022,1,101.0,15,13305.9819,6,2480.5
龙岩市,2023,0,0.0,15,13305.9819,5,2377.0
龙岩市,2024,4,2400.0,19,15705.9819,6,2651.5
龙岩市,2025,0,0.0,19,15705.9819,5,2501.0
